,Open,High,Low,Close
2015-02-17,23.321,23.326,23.229,23.321
2015-02-18,23.277,23.392,23.17,23.277
2015-02-19,23.37,23.474,23.24,23.375
2015-02-23,23.283,23.359,23.245,23.283
2015-02-24,23.321,23.37,23.164,23.326
2015-02-25,23.186,23.403,23.159,23.186
2015-02-26,23.392,23.392,23.073,23.392
2015-03-02,23.089,23.159,22.957,23.089
2015-03-03,23.01,23.089,22.936,23.01
2015-03-04,23.073,23.143,22.873,23.068
2015-03-05,22.999,23.223,22.857,22.999
2015-03-09,22.862,22.973,22.722,22.868
2015-03-10,22.857,23.164,22.758,22.852
2015-03-11,22.925,23.047,22.852,22.931
2015-03-12,22.894,22.946,22.758,22.889
2015-03-16,22.696,22.748,22.578,22.696
2015-03-17,22.774,22.789,22.589,22.774
2015-03-18,22.366,22.789,22.297,22.356
2015-03-19,22.727,22.748,22.563,22.727
2015-03-23,22.805,22.973,22.738,22.81
2015-03-24,22.952,22.952,22.748,22.952
2015-03-25,22.779,22.983,22.763,22.784
2015-03-26,23.01,23.137,22.696,23.004
2015-03-30,22.727,22.989,22.701,22.732
2015-03-31,22.774,22.952,22.748,22.779
2015-04-01,22.91,22.941,22.758,22.91
2015-04-02,22.826,22.862,22.676,22.826
2015-04-06,22.701,22.91,22.681,22.701
2015-04-07,22.915,23.057,22.857,22.91
2015-04-08,23.063,23.218,22.946,23.057
2015-04-09,23.095,23.218,22.722,23.105
2015-04-13,22.691,22.952,22.691,22.707
2015-04-14,22.81,22.973,22.753,22.8
2015-04-15,22.836,23.004,22.732,22.836
2015-04-16,22.894,23.186,22.852,22.91
2015-04-20,22.994,23.121,22.836,22.989
2015-04-21,22.883,23.18,22.852,22.878
2015-04-22,23.105,23.234,22.925,23.111
2015-04-23,22.978,23.111,22.883,22.957
2015-04-27,22.957,23.121,22.883,22.957
2015-04-28,23.057,23.057,22.763,23.063
2015-04-29,22.826,23.196,22.528,22.821
2015-04-30,23.057,23.079,22.889,23.057
2015-05-04,23.026,23.095,22.862,23.02
2015-05-05,22.925,23.089,22.852,22.92
2015-05-06,22.92,23.31,22.696,22.92
2015-05-07,23.294,23.452,22.946,23.299
2015-05-11,23.004,23.084,22.758,23.01
2015-05-12,23.116,23.186,22.784,23.111
2015-05-13,22.831,23.277,22.753,22.821
2015-05-14,23.186,23.213,22.883,23.186
2015-05-18,23.116,23.381,22.857,23.111
2015-05-19,22.931,23.031,22.743,22.931
2015-05-20,22.826,22.857,22.691,22.836
2015-05-21,22.889,23.127,22.779,22.883
2015-05-25,22.727,22.789,22.619,22.727
2015-05-26,22.707,22.763,22.609,22.696
2015-05-27,22.655,22.784,22.563,22.65
2015-05-28,22.665,22.841,22.604,22.66
2015-06-01,22.732,22.763,22.502,22.738
2015-06-02,22.614,22.894,22.589,22.614
2015-06-03,22.655,23.137,22.416,22.66
2015-06-04,23.196,23.213,22.878,23.196
2015-06-08,22.722,23.057,22.624,22.722
2015-06-09,22.92,23.084,22.883,22.91
2015-06-10,23.01,23.079,22.941,23.01
2015-06-11,23.02,23.127,22.821,23.031
2015-06-15,22.847,23.047,22.748,22.847
2015-06-16,23.015,23.026,22.862,23.02
2015-06-17,22.904,23.063,22.889,22.894
2015-06-18,23.041,23.143,22.899,23.041
2015-06-22,22.999,23.218,22.994,22.999
2015-06-23,23.089,23.1,22.931,23.1
2015-06-24,23.004,23.121,22.973,23.015
2015-06-25,23.02,23.084,22.931,23.026
2015-06-29,22.789,23.057,22.789,22.779
2015-06-30,23.004,23.079,22.883,23.004
2015-07-01,22.994,23.004,22.795,23.004
2015-07-02,22.883,22.978,22.795,22.873
2015-07-06,22.878,22.978,22.831,22.878
2015-07-07,22.841,22.92,22.691,22.831
2015-07-08,22.831,22.983,22.758,22.841
2015-07-09,22.936,23.047,22.645,22.925
2015-07-13,23.015,23.015,22.738,22.999
2015-07-14,22.841,22.883,22.738,22.841
2015-07-15,22.878,22.967,22.717,22.868
2015-07-16,22.784,22.826,22.701,22.784
2015-07-20,22.784,22.857,22.691,22.784
2015-07-21,22.707,22.925,22.66,22.707
2015-07-22,22.847,22.904,22.655,22.852
2015-07-23,22.821,22.962,22.758,22.826
2015-07-27,23.084,23.234,22.973,23.079
2015-07-28,23.02,23.052,22.967,23.015
2015-07-29,23.063,23.111,22.946,23.068
2015-07-30,22.999,23.041,22.878,23.004
2015-08-03,23.004,23.02,22.91,22.999
2015-08-04,23.031,23.063,22.784,23.036
2015-08-05,22.821,22.899,22.727,22.815
2015-08-06,22.831,22.915,22.743,22.831
2015-08-10,22.722,23.015,22.346,22.727
2015-08-11,22.962,22.973,22.599,22.952
2015-08-12,22.878,23.079,22.8,22.878
2015-08-13,22.957,23.031,22.8,22.952
2015-08-17,23.079,23.207,23.052,23.073
2015-08-18,23.164,23.191,23.015,23.164
2015-08-19,22.983,23.277,22.81,22.983
2015-08-20,23.132,23.256,22.91,23.132
2015-08-24,23.196,23.68,23.121,23.202
2015-08-25,22.941,23.277,22.931,22.967
2015-08-26,23.277,23.474,22.983,23.283
2015-08-27,23.116,23.229,22.915,23.116
2015-08-31,23.02,23.036,22.826,23.02
2015-09-01,22.899,23.068,22.852,22.899
2015-09-02,23.073,23.24,22.899,23.079
2015-09-03,23.148,23.18,22.889,23.148
2015-09-07,22.962,23.073,22.836,22.946
2015-09-08,22.931,23.127,22.899,22.925
2015-09-09,22.727,22.946,22.65,22.743
2015-09-10,22.769,23.026,22.701,22.763
2015-09-14,23.164,23.277,23.127,23.164
2015-09-15,23.213,23.348,23.052,23.213
2015-09-16,23.116,23.213,22.978,23.111
2015-09-17,23.041,23.256,22.962,23.052
2015-09-21,23.348,23.359,23.105,23.332
2015-09-22,23.223,23.256,22.994,23.223
2015-09-23,22.978,23.261,22.836,22.973
2015-09-24,23.419,23.563,23.084,23.425
2015-09-28,23.052,23.164,22.952,23.084
2015-09-29,23.073,23.24,23.063,23.068
2015-09-30,23.18,23.24,22.8,23.186
2015-10-01,22.815,22.994,22.64,22.826
2015-10-05,22.978,22.989,22.8,22.978
2015-10-06,22.852,23.079,22.784,22.862
2015-10-07,22.983,23.202,22.815,22.989
2015-10-08,23.25,23.343,23.031,23.245
2015-10-12,23.084,23.213,22.983,23.089
2015-10-13,23.256,23.474,23.175,23.137
2015-10-14,23.436,23.574,23.213,23.436
2015-10-15,23.348,23.364,23.25,23.348
2015-10-19,23.256,23.386,23.111,23.261
2015-10-20,23.326,23.354,23.256,23.332
2015-10-21,23.299,23.613,23.261,23.288
2015-10-22,23.725,23.844,23.277,23.725
2015-10-26,23.164,23.305,23.121,23.159
2015-10-27,23.277,23.332,23.191,23.277
2015-10-28,23.458,23.507,23.164,23.458
2015-10-29,23.186,23.267,23.026,23.17
2015-11-02,23.229,23.31,23.159,23.229
2015-11-03,23.267,23.348,23.105,23.272
2015-11-04,23.18,23.202,23.026,23.18
2015-11-05,23.052,23.229,23.004,23.052
2015-11-09,23.095,23.175,23.004,23.095
2015-11-10,23.031,23.073,22.941,23.036
2015-11-11,22.946,23.079,22.92,22.952
2015-11-12,22.91,23.218,22.878,22.889
2015-11-16,23.148,23.223,22.994,23.148
2015-11-17,23.047,23.068,22.962,23.047
2015-11-18,23.052,23.116,23.004,23.063
2015-11-19,23.036,23.164,22.973,23.031
2015-11-23,22.999,23.095,22.957,22.994
2015-11-24,23.132,23.321,23.041,23.127
2015-11-25,23.052,23.111,22.983,23.052
2015-11-26,23.127,23.18,23.031,23.121
2015-11-30,23.17,23.191,23.084,23.175
2015-12-01,23.164,23.267,23.084,23.164
2015-12-02,23.143,23.343,22.645,23.17
2015-12-03,22.696,23.474,22.645,22.686
2015-12-07,23.294,23.37,23.154,23.299
2015-12-08,23.337,23.392,23.207,23.337
2015-12-09,23.245,23.463,23.229,23.24
2015-12-10,23.397,23.436,23.105,23.397
2015-12-14,23.321,23.397,23.202,23.332
2015-12-15,23.408,23.408,23.218,23.408
2015-12-16,23.348,23.359,23.148,23.348
2015-12-17,23.223,23.397,23.191,23.223
2015-12-21,23.283,23.375,23.24,23.283
2015-12-22,23.354,23.43,23.315,23.364
2015-12-23,23.419,23.43,23.283,23.425
2015-12-24,23.288,23.337,23.272,23.288
2015-12-28,23.31,23.381,23.218,23.31
2015-12-29,23.37,23.397,23.191,23.37
2015-12-30,23.223,23.348,23.213,23.223
2015-12-31,23.267,23.267,23.267,23.267
2016-01-04,23.408,23.59,23.229,23.408
2016-01-05,23.25,23.294,23.073,23.25
2016-01-06,23.079,23.326,22.852,23.073
2016-01-07,23.116,23.315,22.989,23.121
2016-01-11,23.326,23.359,23.143,23.332
2016-01-12,23.24,23.403,23.132,23.245
2016-01-13,23.047,23.552,22.889,23.047
2016-01-14,23.529,23.529,23.159,23.529
2016-01-18,23.321,23.469,23.202,23.321
2016-01-19,23.202,23.502,23.026,23.207
2016-01-20,23.574,23.73,23.425,23.568
2016-01-21,23.652,23.832,23.414,23.646
2016-01-25,23.315,23.452,23.256,23.321
2016-01-26,23.397,23.529,23.321,23.392
2016-01-27,23.37,23.613,23.37,23.375
2016-01-28,23.485,23.697,23.458,23.485
2016-02-01,23.419,23.491,23.283,23.414
2016-02-02,23.408,23.491,23.18,23.414
2016-02-03,23.315,23.753,23.277,23.315
2016-02-04,23.652,23.73,23.563,23.657
2016-02-08,23.552,23.725,23.474,23.535
2016-02-09,23.663,23.918,23.602,23.663
2016-02-10,23.708,23.776,23.574,23.725
2016-02-11,23.747,23.787,23.607,23.747
2016-02-15,23.68,23.736,23.552,23.691
2016-02-16,23.624,23.702,23.524,23.618
2016-02-17,23.759,23.855,23.646,23.759
2016-02-18,23.646,23.697,23.524,23.646
2016-02-22,23.747,23.759,23.54,23.747
2016-02-23,23.563,23.708,23.524,23.557
2016-02-24,23.641,23.719,23.585,23.641
2016-02-25,23.702,23.821,23.607,23.702
2016-02-29,23.691,23.844,23.596,23.691
2016-03-01,23.624,23.697,23.585,23.629
2016-03-02,23.641,23.787,23.552,23.641
2016-03-03,23.557,23.844,23.552,23.546
2016-03-07,23.563,23.702,23.419,23.568
2016-03-08,23.691,23.855,23.669,23.685
2016-03-09,23.73,24.05,23.458,23.73
2016-03-10,23.364,23.781,23.343,23.386
2016-03-14,23.759,23.832,23.657,23.759
2016-03-15,23.77,23.849,23.719,23.77
2016-03-16,23.764,24.004,23.702,23.759
2016-03-17,23.987,24.021,23.781,23.992
2016-03-21,23.855,23.946,23.77,23.861
2016-03-22,23.815,23.866,23.708,23.815
2016-03-23,23.753,23.781,23.641,23.759
2016-03-24,23.635,23.685,23.624,23.641
2016-03-28,23.624,23.889,23.613,23.629
2016-03-29,23.878,23.918,23.81,23.872
2016-03-30,23.866,23.941,23.827,23.866
2016-03-31,23.849,24.015,23.764,23.844
2016-04-04,23.844,23.912,23.759,23.844
2016-04-05,23.866,23.964,23.849,23.866
2016-04-06,23.992,24.004,23.866,23.987
2016-04-07,23.941,24.067,23.918,23.935
2016-04-11,24.038,24.073,23.918,24.038
2016-04-12,24.096,24.155,23.906,24.085
2016-04-13,24.004,24.004,23.691,24.01
2016-04-14,23.742,23.838,23.719,23.742
2016-04-18,23.952,24.038,23.901,23.935
2016-04-19,23.946,24.073,23.849,23.946
2016-04-20,24.079,24.085,23.827,24.073
2016-04-21,23.946,24.015,23.912,23.946
2016-04-25,23.883,23.912,23.804,23.895
2016-04-26,23.878,24.015,23.821,23.883
2016-04-27,23.975,24.038,23.941,23.958
2016-04-28,23.987,24.05,23.838,23.981
2016-05-02,23.923,24.027,23.719,23.929
2016-05-03,24.027,24.044,23.798,24.027
2016-05-04,23.838,23.969,23.815,23.827
2016-05-05,23.923,23.923,23.747,23.918
2016-05-09,23.657,23.73,23.646,23.652
2016-05-10,23.736,23.781,23.652,23.736
2016-05-11,23.742,23.776,23.702,23.742
2016-05-12,23.736,23.889,23.702,23.742
2016-05-16,23.866,23.941,23.77,23.872
2016-05-17,23.81,23.849,23.708,23.81
2016-05-18,23.798,23.878,23.691,23.804
2016-05-19,23.759,23.793,23.652,23.759
2016-05-23,23.691,23.753,23.602,23.691
2016-05-24,23.764,23.798,23.579,23.764
2016-05-25,23.629,23.674,23.557,23.624
2016-05-26,23.613,23.714,23.557,23.607
2016-05-30,23.663,23.725,23.613,23.669
2016-05-31,23.691,23.742,23.596,23.702
2016-06-01,23.607,23.804,23.563,23.607
2016-06-02,23.793,23.815,23.546,23.798
2016-06-06,23.764,23.827,23.708,23.759
2016-06-07,23.798,23.844,23.725,23.798
2016-06-08,23.804,23.941,23.753,23.804
2016-06-09,23.889,23.935,23.776,23.895
2016-06-13,23.832,24.004,23.832,23.844
2016-06-14,23.941,23.964,23.832,23.941
2016-06-15,23.889,24.085,23.832,23.889
2016-06-16,23.935,24.01,23.861,23.941
2016-06-20,24.038,24.085,23.906,24.033
2016-06-21,24.079,24.102,23.918,24.085
2016-06-22,23.941,24.027,23.759,23.941
2016-06-23,23.923,24.444,23.855,23.923
2016-06-27,23.878,23.981,23.827,23.883
2016-06-28,23.958,24.073,23.895,23.964
2016-06-29,23.935,24.027,23.838,23.923
2016-06-30,23.952,24.056,23.832,23.952
2016-07-04,23.861,24.067,23.77,23.861
2016-07-05,24.067,24.091,23.906,24.067
2016-07-06,23.929,24.044,23.895,23.923
2016-07-07,23.946,24.056,23.895,23.946
2016-07-11,23.804,23.895,23.702,23.804
2016-07-12,23.918,23.935,23.753,23.918
2016-07-13,23.787,23.832,23.663,23.793
2016-07-14,23.781,23.849,23.663,23.781
2016-07-18,23.68,23.776,23.613,23.68
2016-07-19,23.759,23.77,23.54,23.759
2016-07-20,23.574,23.652,23.518,23.574
2016-07-21,23.574,23.685,23.518,23.579
2016-07-25,23.59,23.674,23.568,23.596
2016-07-26,23.669,23.697,23.568,23.663
2016-07-27,23.596,23.652,23.474,23.59
2016-07-28,23.624,23.702,23.557,23.607
2016-08-01,23.458,23.607,23.37,23.452
2016-08-02,23.507,23.674,23.485,23.513
2016-08-03,23.719,23.77,23.552,23.725
2016-08-04,23.602,23.635,23.452,23.607
2016-08-08,23.364,23.37,23.25,23.37
2016-08-09,23.283,23.305,23.079,23.288
2016-08-10,23.068,23.315,23.026,23.073
2016-08-11,23.332,23.337,23.223,23.326
2016-08-15,23.31,23.359,23.143,23.294
2016-08-16,23.299,23.397,23.218,23.305
2016-08-17,23.381,23.474,23.321,23.381
2016-08-18,23.43,23.507,23.337,23.419
2016-08-22,23.48,23.574,23.436,23.469
2016-08-23,23.579,23.618,23.474,23.568
2016-08-24,23.502,23.524,23.354,23.502
2016-08-25,23.419,23.529,23.37,23.408
2016-08-29,23.332,23.364,23.25,23.332
2016-08-30,23.277,23.321,23.223,23.288
2016-08-31,23.24,23.31,23.202,23.229
2016-09-01,23.234,23.337,23.213,23.234
2016-09-05,23.143,23.164,23.089,23.148
2016-09-06,23.132,23.24,23.073,23.121
2016-09-07,23.191,23.245,23.079,23.186
2016-09-08,23.191,23.315,23.079,23.191
2016-09-12,23.348,23.375,23.186,23.354
2016-09-13,23.223,23.261,23.143,23.234
2016-09-14,23.202,23.25,23.127,23.202
2016-09-15,23.25,23.277,23.154,23.267
2016-09-19,23.026,23.057,22.952,23.036
2016-09-20,23.084,23.132,23.052,23.084
2016-09-21,23.121,23.191,22.978,23.116
2016-09-22,23.175,23.186,23.026,23.17
2016-09-26,23.095,23.175,23.068,23.105
2016-09-27,23.148,23.191,23.015,23.137
2016-09-28,23.068,23.068,22.962,23.068
2016-09-29,23.004,23.121,22.821,22.994
2016-10-03,22.999,23.052,22.784,23.01
2016-10-04,22.815,23.015,22.774,22.821
2016-10-05,23.004,23.031,22.92,22.994
2016-10-06,23.026,23.095,22.784,23.026
2016-10-10,22.92,23.02,22.857,22.91
2016-10-11,23.026,23.068,22.795,23.036
2016-10-12,22.841,22.952,22.774,22.841
2016-10-13,22.925,22.973,22.815,22.915
2016-10-17,22.878,22.92,22.753,22.852
2016-10-18,22.821,22.831,22.676,22.815
2016-10-19,22.727,22.8,22.614,22.722
2016-10-20,22.789,22.852,22.722,22.789
2016-10-24,22.743,22.789,22.655,22.748
2016-10-25,22.727,22.748,22.609,22.722
2016-10-26,22.732,22.774,22.655,22.727
2016-10-27,22.769,22.774,22.624,22.774
2016-10-31,22.645,22.738,22.563,22.645
2016-11-01,22.645,22.758,22.578,22.645
2016-11-02,22.707,22.769,22.65,22.712
2016-11-03,22.696,22.753,22.66,22.701
2016-11-07,22.671,22.707,22.619,22.671
2016-11-08,22.722,22.894,22.095,22.727
2016-11-09,22.878,22.883,22.487,22.883
2016-11-10,22.482,22.681,22.401,22.482
2016-11-14,22.707,22.732,22.538,22.712
2016-11-15,22.624,22.645,22.462,22.619
2016-11-16,22.548,22.619,22.437,22.553
2016-11-17,22.599,22.66,22.432,22.599
2016-11-21,22.391,22.427,22.331,22.396
2016-11-22,22.356,22.442,22.287,22.361
2016-11-23,22.432,22.457,22.247,22.432
2016-11-24,22.287,22.311,22.217,22.282
2016-11-28,22.306,22.341,22.242,22.302
2016-11-29,22.257,22.396,22.188,22.252
2016-11-30,22.326,22.391,22.311,22.316
2016-12-01,22.306,22.457,22.267,22.306
2016-12-05,22.457,22.538,22.381,22.462
2016-12-06,22.528,22.563,22.321,22.528
2016-12-07,22.371,22.584,22.222,22.361
2016-12-08,22.584,22.66,22.217,22.584
2016-12-12,22.247,22.292,22.207,22.252
2016-12-13,22.272,22.331,22.153,22.262
2016-12-14,22.356,22.548,22.09,22.361
2016-12-15,22.139,22.163,22.031,22.134
2016-12-19,22.158,22.277,22.119,22.148
2016-12-20,22.163,22.173,22.065,22.163
2016-12-21,22.104,22.212,21.964,22.099
2016-12-22,22.198,22.302,22.173,22.202
2016-12-26,22.183,22.302,22.158,22.188
2016-12-27,22.237,22.341,22.193,22.237
2016-12-28,22.311,22.311,22.193,22.306
2016-12-29,22.07,22.437,22.07,22.065
2017-01-02,22.361,22.538,22.267,22.356
2017-01-03,22.287,22.356,22.257,22.282
2017-01-04,22.227,22.316,22.119,22.237
2017-01-05,22.134,22.287,22.031,22.119
2017-01-09,22.217,22.282,22.134,22.212
2017-01-10,22.292,22.376,22.178,22.282
2017-01-11,22.207,22.222,22.065,22.207
2017-01-12,22.153,22.168,22.051,22.163
2017-01-16,22.124,22.212,22.056,22.114
2017-01-17,22.178,22.212,22.129,22.178
2017-01-18,22.183,22.262,22.129,22.178
2017-01-19,22.188,22.193,22.046,22.183
2017-01-23,22.099,22.134,22.06,22.095
2017-01-24,22.09,22.148,22.046,22.08
2017-01-25,22.193,22.207,22.026,22.193
2017-01-26,22.065,22.099,21.978,22.06
2017-01-30,22.099,22.183,22.07,22.104
2017-01-31,22.134,22.143,22.065,22.129
2017-02-01,22.124,22.139,22.026,22.114
2017-02-02,22.119,22.148,21.93,22.119
2017-02-06,21.867,21.915,21.839,21.867
2017-02-07,21.891,21.978,21.867,21.896
2017-02-08,21.863,21.92,21.839,21.872
2017-02-09,21.848,21.906,21.805,21.848
2017-02-13,21.829,21.887,21.692,21.829
2017-02-14,21.763,21.782,21.547,21.758
2017-02-15,21.584,21.65,21.501,21.589
2017-02-16,21.598,21.81,21.566,21.594
2017-02-20,21.739,21.848,21.626,21.734
2017-02-21,21.678,21.801,21.608,21.678
2017-02-22,21.659,21.772,21.617,21.659
2017-02-23,21.758,21.915,21.749,21.753
2017-02-27,21.848,21.93,21.829,21.848
2017-02-28,21.82,21.891,21.772,21.82
2017-03-01,21.82,21.891,21.805,21.82
2017-03-02,21.867,21.911,21.734,21.877
2017-03-06,21.887,21.949,21.867,21.896
2017-03-07,21.925,21.959,21.815,21.925
2017-03-08,21.863,21.891,21.744,21.858
2017-03-09,21.805,21.915,21.758,21.801
2017-03-13,21.896,21.954,21.848,21.887
2017-03-14,21.915,21.935,21.791,21.896
2017-03-15,21.753,21.82,21.716,21.758
2017-03-16,21.725,21.81,21.678,21.725
2017-03-20,21.834,21.834,21.664,21.829
2017-03-21,21.687,21.777,21.673,21.697
2017-03-22,21.772,21.805,21.739,21.777
2017-03-23,21.772,21.796,21.697,21.763
2017-03-27,21.631,21.697,21.612,21.636
2017-03-28,21.697,21.801,21.664,21.692
2017-03-29,21.73,21.786,21.697,21.72
2017-03-30,21.801,21.825,21.692,21.791
2017-04-03,21.749,21.782,21.711,21.749
2017-04-04,21.706,21.739,21.683,21.72
2017-04-05,21.716,21.777,21.654,21.716
2017-04-06,21.772,21.844,21.73,21.772
2017-04-10,21.758,21.82,21.711,21.749
2017-04-11,21.815,21.858,21.749,21.815
2017-04-12,21.725,21.815,21.683,21.749
2017-04-13,21.716,21.744,21.692,21.716
2017-04-17,21.654,21.73,21.58,21.65
2017-04-18,21.659,21.786,21.594,21.654
2017-04-19,21.772,21.772,21.659,21.763
2017-04-20,21.801,21.863,21.711,21.786
2017-04-24,21.64,21.673,21.478,21.65
2017-04-25,21.492,21.575,21.464,21.496
2017-04-26,21.519,21.659,21.478,21.519
2017-04-27,21.65,21.725,21.501,21.654
2017-05-01,21.692,21.739,21.492,21.701
2017-05-02,21.505,21.538,21.492,21.51
2017-05-03,21.529,21.556,21.404,21.533
2017-05-04,21.427,21.524,21.345,21.413
2017-05-08,21.492,21.51,21.422,21.496
2017-05-09,21.482,21.524,21.404,21.482
2017-05-10,21.427,21.487,21.377,21.422
2017-05-11,21.418,21.45,21.372,21.413
2017-05-15,21.468,21.556,21.295,21.482
2017-05-16,21.505,21.636,21.464,21.505
2017-05-17,21.589,21.82,21.547,21.584
2017-05-18,21.815,21.834,21.584,21.801
2017-05-22,21.645,21.772,21.575,21.654
2017-05-23,21.796,21.839,21.697,21.796
2017-05-24,21.716,21.772,21.654,21.711
2017-05-25,21.73,21.867,21.716,21.73
2017-05-29,21.858,21.882,21.678,21.863
2017-05-30,21.716,21.782,21.678,21.711
2017-05-31,21.716,21.768,21.668,21.716
2017-06-01,21.744,21.763,21.668,21.739
2017-06-05,21.72,21.81,21.697,21.716
2017-06-06,21.782,21.882,21.706,21.777
2017-06-07,21.711,21.839,21.692,21.706
2017-06-08,21.867,21.882,21.73,21.872
2017-06-12,21.872,21.925,21.829,21.863
2017-06-13,21.858,21.92,21.82,21.872
2017-06-14,21.944,21.988,21.848,21.93
2017-06-15,21.964,21.973,21.858,21.968
2017-06-19,21.983,21.993,21.887,21.978
2017-06-20,21.925,21.935,21.858,21.93
2017-06-21,21.877,21.906,21.844,21.882
2017-06-22,21.92,21.939,21.782,21.915
2017-06-26,21.844,21.882,21.692,21.839
2017-06-27,21.739,22.114,21.645,21.73
2017-06-28,22.031,22.051,21.949,22.026
2017-06-29,21.978,22.109,21.978,21.988
2017-07-03,22.06,22.109,22.041,22.051
2017-07-04,22.065,22.114,22.036,22.06
2017-07-05,22.07,22.109,21.959,22.065
2017-07-06,22.022,22.168,21.997,22.002
2017-07-11,21.978,22.207,21.954,21.978
2017-07-12,22.193,22.257,21.939,22.178
2017-07-13,22.041,22.114,21.988,22.051
2017-07-17,22.134,22.212,22.007,22.139
2017-07-18,22.217,22.237,22.183,22.212
2017-07-19,22.198,22.252,21.978,22.198
2017-07-20,22.022,22.321,21.964,22.026
2017-07-24,22.257,22.292,22.193,22.262
2017-07-25,22.272,22.321,22.247,22.262
2017-07-26,22.202,22.277,22.143,22.202
2017-07-27,22.242,22.262,22.143,22.242
2017-07-31,22.124,22.302,22.085,22.109
2017-08-01,22.237,22.267,22.134,22.242
2017-08-02,22.178,22.217,22.114,22.178
2017-08-03,22.163,22.406,22.139,22.163
2017-08-07,22.183,22.297,22.148,22.178
2017-08-08,22.242,22.306,22.104,22.247
2017-08-09,22.109,22.222,22.104,22.109
2017-08-10,22.119,22.267,22.114,22.124
2017-08-14,22.267,22.336,22.158,22.272
2017-08-15,22.188,22.242,22.129,22.178
2017-08-16,22.124,22.242,22.09,22.124
2017-08-17,22.148,22.282,22.09,22.143
2017-08-21,22.188,22.277,22.163,22.178
2017-08-22,22.222,22.247,22.139,22.222
2017-08-23,22.202,22.232,22.173,22.193
2017-08-24,22.202,22.262,22.114,22.188
2017-08-28,22.168,22.331,22.036,22.178
2017-08-29,22.361,22.391,22.202,22.356
2017-08-30,22.297,22.351,22.109,22.292
2017-08-31,22.124,22.252,22.095,22.134
2017-09-04,22.188,22.247,22.139,22.183
2017-09-05,22.158,22.272,22.124,22.158
2017-09-06,22.282,22.356,22.222,22.287
2017-09-07,22.321,22.477,22.247,22.326
2017-09-11,22.381,22.416,22.217,22.381
2017-09-12,22.227,22.462,22.217,22.227
2017-09-13,22.452,22.477,22.282,22.452
2017-09-14,22.331,22.361,22.282,22.331
2017-09-18,22.331,22.401,22.202,22.321
2017-09-19,22.361,22.477,22.331,22.361
2017-09-20,22.578,22.584,22.302,22.573
2017-09-21,22.321,22.457,22.247,22.311
2017-09-25,22.422,22.497,22.306,22.422
2017-09-26,22.321,22.356,22.292,22.316
2017-09-27,22.302,22.346,22.217,22.306
2017-09-28,22.346,22.361,22.287,22.346
2017-10-02,22.371,22.371,22.297,22.366
2017-10-03,22.346,22.366,22.321,22.341
2017-10-04,22.341,22.356,22.232,22.331
2017-10-05,22.302,22.311,22.188,22.306
2017-10-09,22.306,22.331,22.262,22.306
2017-10-10,22.297,22.316,22.207,22.282
2017-10-11,22.292,22.341,22.247,22.277
2017-10-12,22.341,22.366,22.212,22.371
2017-10-16,22.297,22.316,22.222,22.297
2017-10-17,22.262,22.282,22.183,22.252
2017-10-18,22.193,22.277,22.099,22.188
2017-10-19,22.227,22.297,22.222,22.232
2017-10-23,22.207,22.227,22.173,22.207
2017-10-24,22.202,22.232,22.129,22.198
2017-10-25,22.168,22.376,22.099,22.168
2017-10-26,22.422,22.442,22.099,22.422
2017-10-30,22.148,22.183,22.095,22.148
2017-10-31,22.104,22.207,22.104,22.114
2017-11-01,22.183,22.207,22.119,22.183
2017-11-02,22.183,22.202,22.114,22.193
2017-11-06,22.114,22.178,22.075,22.114
2017-11-07,22.075,22.158,22.046,22.08
2017-11-08,22.134,22.232,22.07,22.124
2017-11-09,22.188,22.198,22.129,22.188
2017-11-13,22.124,22.163,22.022,22.134
2017-11-14,22.07,22.257,21.988,22.07
2017-11-16,22.163,22.212,22.085,22.163
2017-11-20,22.212,22.282,22.119,22.212
2017-11-21,22.139,22.188,22.099,22.143
2017-11-22,22.129,22.282,22.06,22.114
2017-11-23,22.267,22.282,22.114,22.267
2017-11-27,22.341,22.416,22.242,22.331
2017-11-28,22.331,22.356,22.227,22.331
2017-11-29,22.242,22.277,22.104,22.242
2017-11-30,22.139,22.356,22.085,22.139
2017-12-04,22.237,22.366,22.227,22.237
2017-12-05,22.336,22.366,22.247,22.341
2017-12-06,22.282,22.306,22.212,22.282
2017-12-07,22.237,22.292,22.129,22.247
2017-12-11,22.227,22.287,22.193,22.237
2017-12-12,22.262,22.267,22.188,22.262
2017-12-13,22.119,22.391,22.104,22.124
2017-12-14,22.396,22.401,22.217,22.386
2017-12-18,22.262,22.277,22.183,22.262
2017-12-19,22.183,22.277,22.153,22.183
2017-12-20,22.237,22.306,22.183,22.237
2017-12-21,22.306,22.356,22.232,22.302
2017-12-25,22.222,22.267,22.202,22.217
2017-12-26,22.257,22.381,22.217,22.257
2017-12-27,22.341,22.346,22.257,22.341
2017-12-28,22.282,22.306,22.099,22.287
2018-01-01,22.119,22.282,22.119,22.109
2018-01-02,22.232,22.311,22.217,22.232
2018-01-03,22.247,22.292,22.153,22.247
2018-01-04,22.297,22.336,22.139,22.292
2018-01-08,22.222,22.247,22.124,22.222
2018-01-09,22.129,22.242,22.041,22.129
2018-01-10,22.247,22.287,22.046,22.247
2018-01-11,22.085,22.326,21.935,22.085
2018-01-15,22.331,22.422,22.302,22.331
2018-01-16,22.311,22.371,22.257,22.311
2018-01-17,22.331,22.366,22.272,22.326
2018-01-18,22.371,22.376,22.242,22.376
2018-01-22,22.183,22.227,22.09,22.178
2018-01-23,22.114,22.237,22.104,22.109
2018-01-24,22.163,22.252,22.065,22.168
2018-01-25,22.183,22.336,22.104,22.183
2018-01-29,22.302,22.326,22.183,22.302
2018-01-30,22.287,22.316,22.227,22.292
2018-01-31,22.282,22.302,22.188,22.277
2018-02-01,22.232,22.321,22.139,22.222
2018-02-05,22.321,22.351,22.183,22.326
2018-02-06,22.232,22.292,22.129,22.232
2018-02-07,22.207,22.227,21.993,22.207
2018-02-08,22.007,22.09,21.939,22.012
2018-02-12,22.109,22.168,22.036,22.119
2018-02-13,22.114,22.198,22.06,22.114
2018-02-14,22.036,22.148,21.997,22.036
2018-02-15,22.153,22.247,22.095,22.148
2018-02-19,22.183,22.222,22.114,22.183
2018-02-20,22.139,22.163,22.07,22.139
2018-02-21,22.104,22.168,22.085,22.099
2018-02-22,22.119,22.173,22.075,22.119
2018-02-26,22.242,22.242,22.114,22.242
2018-02-27,22.207,22.247,22.124,22.198
2018-02-28,22.158,22.168,22.09,22.163
2018-03-01,22.046,22.198,21.993,22.051
2018-03-05,22.168,22.222,22.08,22.168
2018-03-06,22.139,22.292,22.124,22.139
2018-03-07,22.272,22.376,22.178,22.272
2018-03-08,22.366,22.396,22.09,22.381
2018-03-12,22.227,22.287,22.193,22.227
2018-03-13,22.202,22.356,22.178,22.202
2018-03-14,22.326,22.346,22.183,22.326
2018-03-15,22.227,22.237,22.129,22.227
2018-03-19,22.056,22.178,22.036,22.06
2018-03-20,22.193,22.198,22.109,22.198
2018-03-21,22.104,22.198,22.031,22.104
2018-03-22,22.153,22.202,22.119,22.158
2018-03-26,22.124,22.306,22.119,22.134
2018-03-27,22.247,22.371,22.237,22.242
2018-03-28,22.366,22.401,22.202,22.371
2018-03-29,22.277,22.287,22.237,22.277
2018-04-02,22.262,22.321,22.207,22.267
2018-04-03,22.262,22.277,22.153,22.247
2018-04-04,22.297,22.321,22.237,22.297
2018-04-05,22.252,22.267,22.153,22.247
2018-04-09,22.198,22.287,22.178,22.198
2018-04-10,22.247,22.331,22.202,22.247
2018-04-11,22.321,22.386,22.287,22.321
2018-04-12,22.356,22.376,22.311,22.351
2018-04-16,22.401,22.462,22.351,22.396
2018-04-17,22.396,22.432,22.321,22.391
2018-04-18,22.386,22.457,22.336,22.386
2018-04-19,22.406,22.462,22.351,22.416
2018-04-23,22.356,22.427,22.297,22.356
2018-04-24,22.326,22.406,22.257,22.321
2018-04-25,22.422,22.482,22.336,22.427
2018-04-26,22.472,22.558,22.267,22.472
2018-04-30,22.361,22.401,22.336,22.346
2018-05-01,22.386,22.396,22.237,22.386
2018-05-02,22.341,22.381,22.262,22.341
2018-05-03,22.306,22.346,22.252,22.302
2018-05-07,22.316,22.371,22.227,22.311
2018-05-08,22.237,22.306,22.198,22.227
2018-05-09,22.222,22.297,22.139,22.217
2018-05-10,22.217,22.311,22.198,22.212
2018-05-14,22.371,22.416,22.331,22.376
2018-05-15,22.396,22.517,22.242,22.396
2018-05-16,22.267,22.297,22.217,22.257
2018-05-17,22.287,22.321,22.232,22.282
2018-05-21,22.297,22.406,22.247,22.297
2018-05-22,22.371,22.437,22.277,22.366
2018-05-23,22.336,22.356,22.292,22.341
2018-05-24,22.336,22.422,22.331,22.351
2018-05-28,22.346,22.487,22.247,22.346
2018-05-29,22.356,22.462,22.267,22.356
2018-05-30,22.366,22.447,22.287,22.366
2018-05-31,22.371,22.422,22.297,22.371
2018-06-04,22.297,22.361,22.287,22.287
2018-06-05,22.257,22.336,22.173,22.257
2018-06-06,22.302,22.326,22.202,22.302
2018-06-07,22.336,22.406,22.302,22.326
2018-06-11,22.356,22.386,22.306,22.346
2018-06-12,22.381,22.422,22.297,22.386
2018-06-13,22.272,22.691,22.227,22.282
2018-06-14,22.712,22.743,22.158,22.712
2018-06-18,22.287,22.356,22.217,22.292
2018-06-19,22.252,22.292,22.158,22.252
2018-06-20,22.183,22.321,22.129,22.183
2018-06-21,22.237,22.326,22.139,22.232
2018-06-25,22.207,22.376,22.178,22.212
2018-06-26,22.391,22.432,22.331,22.386
2018-06-27,22.442,22.462,22.341,22.442
2018-06-28,22.386,22.396,22.257,22.391
2018-07-02,22.306,22.376,22.262,22.316
2018-07-03,22.361,22.422,22.336,22.361
2018-07-04,22.336,22.376,22.237,22.336
2018-07-05,22.366,22.411,22.326,22.366
2018-07-09,22.427,22.493,22.381,22.425
2018-07-10,22.347,22.469,22.309,22.347
2018-07-11,22.465,22.506,22.373,22.466
2018-07-12,22.41,22.446,22.334,22.414
2018-07-16,22.434,22.492,22.388,22.432
2018-07-17,22.476,22.515,22.355,22.484
2018-07-18,22.393,22.402,22.333,22.395
2018-07-19,22.32,22.406,22.287,22.323
2018-07-23,22.486,22.52,22.422,22.485
2018-07-24,22.493,22.511,22.391,22.491
2018-07-25,22.42,22.522,22.349,22.425
2018-07-26,22.526,22.583,22.421,22.529
2018-07-30,22.418,22.575,22.329,22.421
2018-07-31,22.579,22.602,22.455,22.576
2018-08-01,22.504,22.535,22.464,22.501
2018-08-02,22.505,22.514,22.308,22.504
2018-08-06,22.349,22.427,22.321,22.345
2018-08-07,22.4,22.448,22.347,22.401
2018-08-08,22.405,22.519,22.405,22.405
2018-08-09,22.541,22.651,22.377,22.539
2018-08-13,22.351,22.492,22.347,22.364
2018-08-14,22.457,22.492,22.305,22.47
2018-08-15,22.308,22.392,22.277,22.299
2018-08-16,22.365,22.43,22.324,22.371
2018-08-20,22.334,22.479,22.282,22.334
2018-08-21,22.366,22.474,22.314,22.376
2018-08-22,22.458,22.517,22.424,22.467
2018-08-23,22.506,22.524,22.382,22.51
2018-08-27,22.425,22.511,22.368,22.418
2018-08-28,22.496,22.521,22.403,22.492
2018-08-29,22.413,22.547,22.385,22.419
2018-08-30,22.503,22.526,22.43,22.508
2018-09-03,22.41,22.455,22.358,22.406
2018-09-04,22.344,22.387,22.277,22.347
2018-09-05,22.32,22.406,22.272,22.32
2018-09-06,22.39,22.451,22.327,22.394
2018-09-10,22.316,22.403,22.29,22.324
2018-09-11,22.365,22.41,22.281,22.373
2018-09-12,22.342,22.459,22.32,22.343
2018-09-13,22.335,22.498,22.309,22.333
2018-09-17,22.38,22.487,22.358,22.379
2018-09-18,22.506,22.53,22.45,22.505
2018-09-19,22.512,22.52,22.427,22.505
2018-09-20,22.427,22.484,22.419,22.434
2018-09-24,22.467,22.502,22.411,22.455
2018-09-25,22.459,22.504,22.446,22.459
2018-09-26,22.46,22.573,22.398,22.459
2018-09-27,22.494,22.613,22.221,22.494
2018-10-01,22.305,22.383,22.242,22.31
2018-10-02,22.276,22.358,22.181,22.273
2018-10-03,22.372,22.392,22.291,22.373
2018-10-04,22.297,22.384,22.267,22.287
2018-10-08,22.314,22.386,22.298,22.317
2018-10-09,22.327,22.427,22.314,22.331
2018-10-10,22.345,22.572,22.282,22.354
2018-10-11,22.531,22.569,22.377,22.536
2018-10-15,22.449,22.469,22.335,22.447
2018-10-16,22.402,22.483,22.39,22.402
2018-10-17,22.491,22.519,22.444,22.486
2018-10-18,22.518,22.597,22.333,22.518
2018-10-22,22.459,22.501,22.428,22.451
2018-10-23,22.468,22.582,22.432,22.467
2018-10-24,22.429,22.507,22.4,22.43
2018-10-25,22.484,22.505,22.365,22.487
2018-10-29,22.4,22.435,22.308,22.401
2018-10-30,22.351,22.376,22.325,22.34
2018-10-31,22.388,22.393,22.293,22.386
2018-11-01,22.334,22.358,22.197,22.336
2018-11-05,22.259,22.362,22.244,22.267
2018-11-06,22.315,22.426,22.27,22.329
2018-11-07,22.443,22.491,22.308,22.442
2018-11-08,22.393,22.432,22.32,22.392
2018-11-12,22.367,22.391,22.304,22.367
2018-11-13,22.305,22.391,22.274,22.309
2018-11-14,22.349,22.452,22.332,22.355
2018-11-15,22.399,22.459,22.328,22.398
2018-11-19,22.459,22.594,22.411,22.452
2018-11-20,22.593,22.608,22.462,22.6
2018-11-21,22.508,22.537,22.443,22.504
2018-11-22,22.516,22.603,22.466,22.514
2018-11-26,22.524,22.565,22.418,22.523
2018-11-27,22.458,22.496,22.382,22.454
2018-11-28,22.312,22.466,22.29,22.304
2018-11-29,22.435,22.579,22.406,22.436
2018-12-03,22.445,22.589,22.374,22.444
2018-12-04,22.569,22.592,22.507,22.568
2018-12-05,22.534,22.537,22.407,22.533
2018-12-06,22.453,22.563,22.432,22.456
2018-12-10,22.592,22.599,22.444,22.591
2018-12-11,22.567,22.587,22.404,22.588
2018-12-12,22.401,22.579,22.395,22.409
2018-12-13,22.526,22.601,22.397,22.525
2018-12-17,22.462,22.516,22.396,22.461
2018-12-18,22.51,22.517,22.439,22.506
2018-12-19,22.485,22.557,22.353,22.485
2018-12-20,22.468,22.546,22.421,22.466
2018-12-24,22.416,22.498,22.217,22.413
2018-12-25,22.422,22.518,22.421,22.425
2018-12-26,22.536,22.538,22.373,22.532
2018-12-27,22.394,22.522,22.35,22.394
2018-12-31,22.354,22.419,22.237,22.353
2019-01-01,22.416,22.701,22.331,22.42
2019-01-02,22.729,22.729,22.538,22.724
2019-01-03,22.558,22.746,22.532,22.56
2019-01-07,22.663,22.778,22.645,22.662
2019-01-08,22.745,22.784,22.586,22.746
2019-01-09,22.566,22.809,22.551,22.575
2019-01-10,22.808,22.846,22.729,22.815
2019-01-14,22.807,22.902,22.721,22.807
2019-01-15,22.784,22.843,22.711,22.781
2019-01-16,22.726,22.789,22.688,22.736
2019-01-17,22.765,22.81,22.719,22.765
2019-01-21,22.718,22.748,22.691,22.718
2019-01-22,22.721,22.749,22.659,22.718
2019-01-23,22.699,22.768,22.668,22.699
2019-01-24,22.777,22.811,22.611,22.775
2019-01-28,22.687,22.832,22.671,22.697
2019-01-29,22.794,22.841,22.765,22.793
2019-01-30,22.751,22.884,22.698,22.748
2019-01-31,22.868,22.88,22.717,22.868
2019-02-04,22.799,22.857,22.742,22.796
2019-02-05,22.815,22.82,22.706,22.813
2019-02-06,22.742,22.8,22.647,22.733
2019-02-07,22.677,22.755,22.653,22.678
2019-02-11,22.747,22.801,22.646,22.748
2019-02-12,22.639,22.811,22.621,22.642
2019-02-13,22.807,22.839,22.637,22.808
2019-02-14,22.647,22.763,22.634,22.647
2019-02-18,22.752,22.82,22.67,22.75
2019-02-19,22.683,22.796,22.648,22.676
2019-02-20,22.77,22.796,22.718,22.765
2019-02-21,22.784,22.811,22.736,22.784
2019-02-25,22.771,22.824,22.745,22.772
2019-02-26,22.767,22.859,22.741,22.767
2019-02-27,22.851,22.892,22.76,22.851
2019-02-28,22.866,22.883,22.753,22.866
2019-03-04,22.756,22.812,22.732,22.755
2019-03-05,22.8,22.806,22.657,22.8
2019-03-06,22.691,22.897,22.676,22.69
2019-03-07,22.906,22.924,22.694,22.904
2019-03-11,22.74,22.782,22.702,22.741
2019-03-12,22.732,22.82,22.697,22.732
2019-03-13,22.789,22.811,22.745,22.788
2019-03-14,22.798,22.834,22.762,22.795
2019-03-18,22.826,22.831,22.768,22.825
2019-03-19,22.784,22.836,22.759,22.775
2019-03-20,22.745,22.91,22.725,22.759
2019-03-21,22.883,23.013,22.802,22.883
2019-03-25,22.84,22.874,22.81,22.838
2019-03-26,22.872,22.892,22.798,22.875
2019-03-27,22.827,22.867,22.728,22.824
2019-03-28,22.761,22.81,22.726,22.752
2019-04-01,22.777,22.806,22.711,22.79
2019-04-02,22.735,22.804,22.688,22.735
2019-04-03,22.771,22.802,22.754,22.771
2019-04-04,22.751,22.771,22.661,22.75
2019-04-08,22.741,22.796,22.712,22.739
2019-04-09,22.804,22.875,22.751,22.801
2019-04-10,22.816,22.828,22.753,22.815
2019-04-11,22.76,22.813,22.705,22.785
2019-04-15,22.817,22.826,22.761,22.808
2019-04-16,22.812,22.824,22.757,22.821
2019-04-17,22.797,22.86,22.721,22.798
2019-04-18,22.769,22.784,22.739,22.773
2019-04-22,22.713,22.829,22.696,22.714
2019-04-23,22.782,22.807,22.696,22.788
2019-04-24,22.769,22.78,22.673,22.768
2019-04-25,22.718,22.754,22.649,22.711
2019-04-29,22.628,22.72,22.582,22.633
2019-04-30,22.692,22.726,22.658,22.705
2019-05-01,22.714,22.733,22.664,22.719
2019-05-02,22.724,22.749,22.618,22.712
2019-05-06,22.672,22.721,22.653,22.671
2019-05-07,22.693,22.729,22.669,22.69
2019-05-08,22.721,22.728,22.582,22.721
2019-05-09,22.643,22.744,22.627,22.642
2019-05-13,22.692,22.795,22.679,22.693
2019-05-14,22.787,22.808,22.699,22.785
2019-05-15,22.729,22.786,22.693,22.729
2019-05-16,22.743,22.788,22.678,22.736
2019-05-20,22.838,22.85,22.789,22.824
2019-05-22,22.833,22.867,22.791,22.831
2019-05-23,22.772,22.889,22.75,22.78
2019-05-27,22.871,22.906,22.825,22.872
2019-05-28,22.893,22.902,22.831,22.892
2019-05-29,22.908,22.956,22.888,22.9
2019-05-30,22.917,22.99,22.885,22.914
2019-06-03,22.891,23.036,22.805,22.884
2019-06-04,23.018,23.061,22.884,23.014
2019-06-05,22.973,23.004,22.855,22.981
2019-06-06,22.887,23.008,22.848,22.885
2019-06-10,22.993,23.017,22.973,22.986
2019-06-11,22.986,23.021,22.927,22.975
2019-06-12,23.014,23.064,23.005,23.022
2019-06-13,23.044,23.081,23.013,23.043
2019-06-17,22.976,23.054,22.926,22.977
2019-06-18,23.049,23.049,22.887,23.042
2019-06-19,22.92,22.935,22.832,22.914
2019-06-20,22.883,22.898,22.811,22.878
2019-06-24,22.89,22.969,22.878,22.893
2019-06-25,22.965,23.01,22.892,22.966
2019-06-26,22.902,22.991,22.878,22.903
2019-06-27,22.967,22.984,22.867,22.959
2019-07-01,22.954,22.968,22.866,22.938
2019-07-02,22.903,22.966,22.86,22.902
2019-07-03,22.943,22.973,22.892,22.936
2019-07-04,22.92,22.965,22.901,22.918
2019-07-08,22.927,22.935,22.833,22.926
2019-07-09,22.877,22.891,22.808,22.876
2019-07-10,22.821,22.915,22.802,22.823
2019-07-11,22.893,22.893,22.815,22.894
2019-07-15,22.929,22.989,22.878,22.928
2019-07-16,22.905,22.911,22.801,22.894
2019-07-17,22.826,22.86,22.794,22.818
2019-07-18,22.801,22.867,22.765,22.802
2019-07-22,22.856,22.873,22.777,22.849
2019-07-23,22.812,22.878,22.777,22.806
2019-07-24,22.795,22.819,22.655,22.795
2019-07-25,22.705,22.722,22.671,22.693
2019-07-29,22.653,22.683,22.627,22.655
2019-07-30,22.656,22.746,22.633,22.655
2019-07-31,22.768,22.844,22.637,22.769
2019-08-01,22.536,22.852,22.48,22.538
2019-08-05,22.677,22.894,22.65,22.676
2019-08-06,22.808,22.818,22.634,22.813
2019-08-07,22.714,22.746,22.611,22.716
2019-08-08,22.695,22.71,22.619,22.695
2019-08-12,22.632,22.879,22.618,22.631
2019-08-13,22.848,22.853,22.568,22.849
2019-08-14,22.63,22.754,22.595,22.641
2019-08-15,22.718,22.825,22.534,22.719
2019-08-19,22.643,22.688,22.602,22.642
2019-08-20,22.594,22.698,22.585,22.596
2019-08-21,22.682,22.708,22.571,22.693
2019-08-22,22.604,22.648,22.419,22.602
2019-08-26,22.666,22.683,22.586,22.665
2019-08-27,22.621,22.67,22.596,22.621
2019-08-28,22.644,22.692,22.584,22.645
2019-08-29,22.629,22.686,22.562,22.638
2019-09-02,22.543,22.585,22.482,22.543
2019-09-03,22.508,22.597,22.466,22.507
2019-09-04,22.567,22.604,22.518,22.56
2019-09-05,22.601,22.67,22.557,22.588
2019-09-09,22.557,22.649,22.539,22.557
2019-09-10,22.611,22.706,22.555,22.607
2019-09-11,22.581,22.633,22.361,22.584
2019-09-12,22.388,22.541,22.317,22.388
2019-09-16,22.539,22.541,22.465,22.537
2019-09-17,22.466,22.543,22.442,22.466
2019-09-18,22.528,22.531,22.422,22.532
2019-09-19,22.513,22.58,22.49,22.513
2019-09-23,22.492,22.528,22.476,22.494
2019-09-24,22.496,22.616,22.471,22.498
2019-09-25,22.614,22.624,22.398,22.612
2019-09-26,22.475,22.504,22.422,22.476
2019-09-30,22.507,22.532,22.328,22.501
2019-10-01,22.343,22.439,22.32,22.346
2019-10-02,22.367,22.448,22.355,22.362
2019-10-03,22.414,22.481,22.399,22.414
2019-10-07,22.373,22.399,22.277,22.367
2019-10-08,22.341,22.356,22.274,22.342
2019-10-09,22.277,22.359,22.245,22.273
2019-10-10,22.349,22.388,22.268,22.358
2019-10-14,22.36086,22.37994,22.28092,22.36116
2019-10-15,22.29845,22.33135,22.24713,22.29859
2019-10-16,22.26032,22.43662,22.24274,22.26501
2019-10-17,22.40471,22.42228,22.34314,22.39321
2019-10-21,22.46148,22.47792,22.42919,22.45882
2019-10-22,22.45832,22.4948,22.40707,22.4484
2019-10-23,22.4143,22.49964,22.35844,22.41253
2019-10-24,22.48151,22.51566,22.43782,22.47572
2019-10-28,22.42075,22.45193,22.32874,22.41942
2019-10-29,22.34127,22.36083,22.30665,22.33655
2019-10-30,22.29146,22.42995,22.24019,22.29
2019-10-31,22.37768,22.48009,22.37768,22.39183
2019-11-04,22.45087,22.51518,22.38647,22.46112
2019-11-05,22.43852,22.46688,22.3428,22.45209
2019-11-06,22.36282,22.41834,22.34106,22.36416
2019-11-07,22.40688,22.42332,22.30558,22.40524
2019-11-11,22.34357,22.37656,22.32275,22.33464
2019-11-12,22.3603,22.40546,22.33291,22.35225
2019-11-13,22.3971,22.42356,22.35626,22.3965
2019-11-14,22.37503,22.42579,22.33841,22.37563
2019-11-18,22.37795,22.42425,22.34977,22.38611
2019-11-19,22.39987,22.44434,22.38132,22.3917
2019-11-20,22.38039,22.44614,22.35802,22.38232
2019-11-21,22.42279,22.46895,22.40016,22.4326
2019-11-25,22.38143,22.39067,22.32187,22.38099
2019-11-26,22.36076,22.38491,22.33818,22.36076
2019-11-27,22.35915,22.36793,22.29572,22.35825
2019-11-28,22.30891,22.34419,22.25085,22.30016
2019-12-02,22.18988,22.36344,22.17333,22.18066
2019-12-03,22.36256,22.39589,22.28105,22.34541
2019-12-04,22.32811,22.38688,22.3061,22.32841
2019-12-05,22.37014,22.47476,22.35106,22.35209
2019-12-09,22.43185,22.44855,22.37303,22.44378
2019-12-10,22.40525,22.42265,22.36414,22.40331
2019-12-11,22.34564,22.41651,22.31314,22.34609
2019-12-12,22.33143,22.41481,22.30521,22.33084
2019-12-16,22.24874,22.26713,21.60274,22.24742
2019-12-17,22.24048,22.29311,22.22961,22.23459
2019-12-18,22.27373,22.30694,22.21195,22.2727
2019-12-19,22.27232,22.34018,22.24261,22.27379
2019-12-23,22.20922,22.25866,22.18989,22.20937
2019-12-24,22.19305,22.22408,22.14621,22.19009
2019-12-25,22.20087,22.22748,22.18567,22.19732
2019-12-26,22.20619,22.27296,22.12243,22.20633
2019-12-30,22.25314,22.29977,22.20145,22.26788
2019-12-31,22.22791,22.25442,22.22791,22.22791
2020-01-01,22.25015,22.33208,22.2132,22.24587
2020-01-02,22.31547,22.36448,22.18041,22.32689
2020-01-06,22.29785,22.3526,22.25768,22.298
2020-01-07,22.29046,22.36703,22.21995,22.27687
2020-01-08,22.26807,22.2789,22.12454,22.2568
2020-01-09,22.15519,22.22582,22.14074,22.1577
2020-01-13,22.16939,22.25138,22.12705,22.16806
2020-01-14,22.20451,22.2546,22.16241,22.20614
2020-01-15,22.23134,22.26478,22.20583,22.24438
2020-01-16,22.2443,22.31747,22.23422,22.2443
2020-01-20,22.20884,22.27682,22.13243,22.20201
2020-01-21,22.27354,22.30559,22.20346,22.27459
2020-01-22,22.2088,22.32895,22.19457,22.2005
2020-01-23,22.30772,22.35681,22.20697,22.30683
2020-01-27,22.1981,22.22334,22.1589,22.20775
2020-01-28,22.16882,22.19269,22.07287,22.16867
2020-01-29,22.0904,22.24208,22.03028,22.09128
2020-01-30,22.22314,22.25172,22.10875,22.21619
2020-02-03,22.09583,22.11611,22.00983,22.10677
2020-02-04,22.02087,22.0376,21.74517,22.02014
2020-02-05,21.79084,21.7927,21.67023,21.79213
2020-02-06,21.68446,21.7151,21.63252,21.6873
2020-02-10,21.72395,21.76529,21.62291,21.737
2020-02-11,21.64405,21.68414,21.62149,21.63576
2020-02-12,21.67279,21.70441,21.55404,21.68155
2020-02-13,21.5869,21.63897,21.50671,21.60294
2020-02-17,21.58655,21.70971,21.54365,21.59644
2020-02-18,21.70523,21.72229,21.59178,21.70364
2020-02-19,21.57445,21.6875,21.44938,21.57502
2020-02-20,21.66785,21.75572,21.60711,21.65997
2020-02-24,21.71105,21.74817,21.62616,21.71063
2020-02-25,21.63312,21.76129,21.60629,21.63796
2020-02-26,21.70007,21.70036,21.57193,21.70635
2020-02-27,21.5829,21.74266,21.48681,21.58107
2020-03-02,21.56387,21.59135,21.40864,21.55899
2020-03-03,21.46386,21.65262,21.45902,21.46026
2020-03-04,21.57391,21.59742,21.47068,21.60499
2020-03-05,21.52787,21.7883,21.3907,21.52746
2020-03-09,21.70712,21.83064,21.52226,21.70959
2020-03-10,21.62103,21.71906,21.55113,21.61706
2020-03-11,21.65111,21.66935,21.3468,21.65221
2020-03-12,21.47175,21.56062,21.27393,21.4663
2020-03-16,21.27814,21.499,21.16131,21.28471
2020-03-17,21.14734,21.26141,21.02136,21.15392
2020-03-18,21.0708,21.30674,20.80043,21.04588
2020-03-19,21.14896,21.16139,20.78321,21.14623
2020-03-23,20.66801,21.0578,20.53771,20.66695
2020-03-24,21.0105,21.02422,20.84311,21.00069
2020-03-25,20.72073,21.09051,20.65818,20.7122
2020-03-26,20.96621,21.14934,20.94674,20.96754
2020-03-30,21.31624,21.47806,21.15952,21.31787
2020-03-31,21.15196,21.18154,21.05555,21.14953
2020-04-01,21.07852,21.23844,21.04332,21.07571
2020-04-02,21.24583,21.31586,20.98703,21.24679
2020-04-06,21.10182,21.12887,21.03234,21.10632
2020-04-07,21.04962,21.1305,21.0235,21.04908
2020-04-08,21.14484,21.17849,21.03968,21.14279
2020-04-09,21.09361,21.1522,21.08599,21.08871
2020-04-13,21.14399,21.23145,21.03954,21.13893
2020-04-14,21.19671,21.20668,21.10818,21.19221
2020-04-15,21.11239,21.16877,21.06175,21.11375
2020-04-16,21.16945,21.2399,21.0153,21.17069
2020-04-20,21.1212,21.12927,20.95006,21.10835
2020-04-21,20.97378,21.15607,20.95949,20.96758
2020-04-22,21.1747,21.33066,21.03562,21.17415
2020-04-23,21.11949,21.18699,21.05608,21.10684
2020-04-27,21.19877,21.25419,21.14327,21.20304
2020-04-28,21.25143,21.27014,21.10744,21.23966
2020-04-29,21.12862,21.19074,20.93124,21.13
2020-04-30,20.92338,20.92595,20.72918,20.9181
2020-05-04,21.08722,21.2325,20.99299,21.09036
2020-05-05,21.05343,21.1065,21.02837,21.04206
2020-05-06,21.05638,21.14957,21.05351,21.04994
2020-05-07,21.09158,21.1713,21.06449,21.09295
2020-05-11,21.0992,21.12077,21.0337,21.09713
2020-05-12,21.04777,21.12403,21.03096,21.04777
2020-05-13,21.13379,21.15251,20.94875,21.1342
2020-05-14,21.00339,21.03277,20.93653,21.00175
2020-05-18,20.97022,21.22341,20.87999,20.95682
2020-05-19,21.21327,21.21711,21.11266,21.19849
2020-05-20,21.13237,21.19711,21.10791,21.1449
2020-05-21,21.16394,21.20627,21.06669,21.17771
2020-05-25,21.10635,21.14168,21.04347,21.11016
2020-05-26,21.1202,21.22228,21.04323,21.1027
2020-05-27,21.13719,21.17077,21.07486,21.13611
2020-05-28,21.03461,21.27461,20.9965,21.03099
2020-06-01,21.23247,21.36618,21.22055,21.23247
2020-06-02,21.34762,21.42659,21.30911,21.3464
2020-06-03,21.35153,21.37004,21.14109,21.3499
2020-06-04,21.14763,21.47064,21.1331,21.1331
2020-06-08,21.35434,21.38712,21.26419,21.35434
2020-06-09,21.29402,21.40003,21.27094,21.28848
2020-06-10,21.3385,21.36858,21.26358,21.34459
2020-06-11,21.3831,21.43212,21.28918,21.38786
2020-06-15,21.2083,21.41648,21.15511,21.20682
2020-06-16,21.3686,21.42852,21.23916,21.36275
2020-06-17,21.25149,21.32313,21.23374,21.24919
2020-06-18,21.31672,21.33788,21.13981,21.32068
2020-06-22,21.16141,21.22749,21.10208,21.15884
2020-06-23,21.20347,21.30073,21.1931,21.20563
2020-06-24,21.26378,21.36667,21.17604,21.26256
2020-06-25,21.20264,21.24135,21.17198,21.20182
2020-06-29,21.22688,21.26365,21.02916,21.22621
2020-06-30,21.08101,21.13511,21.01821,21.07724
2020-07-01,21.05291,21.21231,20.97815,21.0509
2020-07-02,21.19012,21.22369,21.10198,21.17836
2020-07-06,21.09854,21.14142,21.07485,21.09733
2020-07-07,21.10959,21.12435,21.02992,21.11536
2020-07-08,21.07326,21.18317,21.01264,21.07419
2020-07-09,21.18277,21.2115,21.13557,21.19557
2020-07-13,21.14153,21.17293,21.04416,21.14675
2020-07-14,21.13451,21.27902,21.10299,21.13357
2020-07-15,21.26802,21.27097,21.10729,21.266
2020-07-16,21.18371,21.2152,21.1272,21.18117
2020-07-20,21.23137,21.25368,21.14038,21.2263
2020-07-21,21.11004,21.27151,21.01441,21.10607
2020-07-22,21.23395,21.28585,21.18557,21.23262
2020-07-23,21.2093,21.2663,21.16623,21.20838
2020-07-27,21.22582,21.29922,21.22477,21.22778
2020-07-28,21.26906,21.30831,21.22309,21.27143
2020-07-29,21.23174,21.31255,21.20886,21.21917
2020-07-30,21.15388,21.43543,21.11601,21.15064
2020-08-03,21.28864,21.43469,21.23393,21.28496
2020-08-04,21.35879,21.43408,21.31238,21.35563
2020-08-05,21.37291,21.47092,21.32033,21.37238
2020-08-06,21.39012,21.51681,21.36994,21.39209
2020-08-10,21.42566,21.48349,21.3494,21.42394
2020-08-11,21.49015,21.51523,21.36237,21.47936
2020-08-12,21.3934,21.4858,21.2922,21.3934
2020-08-13,21.47547,21.53055,21.38996,21.47428
2020-08-17,21.45733,21.53283,21.42107,21.45693
2020-08-18,21.46583,21.57074,21.43885,21.45332
2020-08-19,21.59892,21.64067,21.46112,21.58735
2020-08-20,21.46244,21.57852,21.43247,21.47382
2020-08-24,21.51471,21.52617,21.449,21.50114
2020-08-25,21.46357,21.52894,21.44702,21.46371
2020-08-26,21.46648,21.52547,21.40663,21.46529
2020-08-27,21.46638,21.63958,21.36646,21.46359
2020-08-31,21.56747,21.6746,21.51277,21.56575
2020-09-01,21.69023,21.80257,21.54154,21.6905
2020-09-02,21.56262,21.63728,21.45396,21.56436
2020-09-03,21.44215,21.55061,21.4256,21.4468
2020-09-07,21.45781,21.48175,21.35551,21.45675
2020-09-08,21.40447,21.45126,21.3089,21.39254
2020-09-09,21.34983,21.42267,21.26957,21.35036
2020-09-10,21.4142,21.48099,21.36735,21.41632
2020-09-14,21.46241,21.54709,21.45022,21.46015
2020-09-15,21.53734,21.56355,21.4591,21.53319
2020-09-16,21.56823,21.63078,21.38539,21.56742
2020-09-17,21.38021,21.40559,21.34076,21.37675
2020-09-21,21.33336,21.36126,21.30437,21.31899
2020-09-22,21.35644,21.39781,21.29179,21.36126
2020-09-23,21.30296,21.33441,21.25065,21.30283
2020-09-24,21.28949,21.33668,21.25172,21.2948
2020-09-28,21.19305,21.20458,21.12884,21.19398
2020-09-29,21.13936,21.20738,21.11833,21.13778
2020-09-30,21.19917,21.22835,21.17129,21.19572
2020-10-01,21.19655,21.25003,21.18319,21.19734
2020-10-05,21.10848,21.14853,21.09387,21.10348
2020-10-06,21.18238,21.21316,21.06308,21.18265
2020-10-07,21.08059,21.13639,21.06045,21.08007
2020-10-08,21.08575,21.12217,21.05941,21.08443
2020-10-12,21.04867,21.18486,21.02742,21.0379
2020-10-13,21.17253,21.25034,21.14551,21.17107
2020-10-14,21.16726,21.19877,21.12891,21.16514
2020-10-15,21.16035,21.18949,21.12622,21.16155
2020-10-19,21.12576,21.16876,21.0665,21.13778
2020-10-20,21.13085,21.17555,21.09116,21.13111
2020-10-21,21.16198,21.19073,21.13081,21.16132
2020-10-22,21.16058,21.20605,21.05601,21.17299
2020-10-26,21.05332,21.08493,20.99124,21.04023
2020-10-27,21.0543,21.1213,20.94682,21.04092
2020-10-28,20.9574,21.01042,20.88971,20.9557
2020-10-29,20.97739,21.0314,20.89857,20.98711
2020-11-02,20.94748,21.02208,20.86527,20.93483
2020-11-03,20.95774,21.07952,20.95774,20.9601
2020-11-04,21.03616,21.13737,20.94817,21.03246
2020-11-05,21.12771,21.20927,21.06833,21.11845
2020-11-09,21.28837,21.33698,21.15118,21.28877
2020-11-10,21.15702,21.24976,21.12295,21.16897
2020-11-11,21.12029,21.17455,21.05142,21.12959
2020-11-12,21.15101,21.16038,21.10383,21.14092
2020-11-16,21.16312,21.27822,21.14323,21.15914
2020-11-17,21.28196,21.29292,21.24007,21.28223
2020-11-18,21.27478,21.28429,21.17794,21.27692
2020-11-19,21.14504,21.28274,21.13287,21.14809
2020-11-23,21.33721,21.3458,21.20638,21.32743
2020-11-24,21.20013,21.23727,21.13829,21.2012
2020-11-25,21.2128,21.32963,21.18468,21.20059
2020-11-26,21.28242,21.33033,21.24405,21.28402
2020-11-30,21.39216,21.39484,21.1819,21.3935
2020-12-01,21.16957,21.27348,21.12637,21.15646
2020-12-02,21.20142,21.22145,21.15902,21.20077
2020-12-03,21.20538,21.22674,21.15763,21.19204
2020-12-07,21.15868,21.16678,21.08587,21.14209
2020-12-08,21.11463,21.19141,21.08977,21.11659
2020-12-09,21.17685,21.19299,21.01806,21.1703
2020-12-10,21.03141,21.09627,21.01793,21.02182
2020-12-14,21.10814,21.14871,21.04891,21.10423
2020-12-15,21.13408,21.19905,21.08266,21.12299
2020-12-16,21.15983,21.24589,21.11946,21.15853
2020-12-17,21.18435,21.22299,21.15079,21.18409
2020-12-21,21.01964,21.21635,20.96397,21.02003
2020-12-22,21.19105,21.22562,21.11607,21.19431
2020-12-23,21.15949,21.22025,21.13178,21.15259
2020-12-24,21.05894,21.21144,20.98229,21.13732
2020-12-28,21.10482,21.15849,21.06982,21.103
2020-12-29,21.14092,21.23016,21.08259,21.14145
2020-12-30,21.20068,21.34496,21.19247,21.1887
2020-12-31,21.41029,21.50106,21.33744,21.4196
2021-01-04,21.33862,21.35407,21.19371,21.33665
2021-01-05,21.19685,21.30706,21.12594,21.20012
2021-01-06,21.25213,21.30272,21.1157,21.2435
2021-01-07,21.14337,21.20966,21.12089,21.13518
2021-01-11,21.0849,21.1445,21.06517,21.08594
2021-01-12,21.06739,21.13326,21.04173,21.07065
2021-01-13,21.12946,21.1694,21.10407,21.1292
2021-01-14,21.15573,21.1752,21.0705,21.15349
2021-01-18,21.01889,21.08689,20.94773,21.01824
2021-01-19,21.07015,21.15887,21.05722,21.06244
2021-01-20,21.11657,21.13751,21.08714,21.11906
2021-01-21,21.09311,21.10274,20.99215,21.09298
2021-01-25,21.11488,21.14347,21.08565,21.10911
2021-01-26,21.09454,21.15295,21.07014,21.0846
2021-01-27,21.05863,21.07655,20.99449,21.05994
2021-01-28,21.0759,21.08644,21.03712,21.07734
2021-02-01,21.05774,21.11777,20.97291,21.05695
2021-02-02,21.00168,21.01361,20.93443,20.99893
2021-02-03,20.93469,20.98636,20.90802,20.93573
2021-02-04,20.95558,20.95886,20.87203,20.95598
2021-02-08,20.9851,21.1133,20.95692,20.97518
2021-02-09,21.10174,21.13109,21.06306,21.09189
2021-02-10,21.12163,21.15613,21.1064,21.11034
2021-02-11,21.14968,21.16522,21.11045,21.13613
2021-02-15,21.18569,21.22999,21.10742,21.18173
2021-02-16,21.21876,21.27424,21.04911,21.21506
2021-02-17,21.10568,21.13011,20.99745,21.1132
2021-02-18,21.01564,21.10746,20.96481,21.01813
2021-02-22,21.07118,21.12185,21.04891,21.05676
2021-02-23,21.11869,21.16763,21.07336,21.1075
2021-02-24,21.09722,21.11748,20.9969,21.10011
2021-02-25,21.05014,21.12718,20.9238,21.05053
2021-03-01,20.98745,20.98982,20.86028,20.98745
2021-03-02,20.8525,20.90639,20.81365,20.8499
2021-03-03,20.86892,20.91709,20.84815,20.85075
2021-03-04,20.92685,20.97519,20.84575,20.92776
2021-03-08,20.93341,21.04832,20.90324,20.93079
2021-03-09,21.04345,21.0631,20.99096,21.05148
2021-03-10,21.01727,21.0552,20.98418,21.03222
2021-03-11,20.98157,21.01349,20.94249,20.99098
2021-03-15,21.00904,21.09255,20.96291,21.00825
2021-03-16,21.06741,21.08188,20.96393,21.0778
2021-03-17,20.96446,21.17052,20.94045,20.96393
2021-03-18,21.14357,21.23234,21.12814,21.14792
2021-03-22,21.20151,21.25934,21.17053,21.19912
2021-03-23,21.20584,21.24555,21.1686,21.20771
2021-03-24,21.20014,21.27137,21.16462,21.19787
2021-03-25,21.29013,21.30463,21.23232,21.28986
2021-03-29,21.17797,21.25998,21.1496,21.17584
2021-03-30,21.19513,21.22859,21.15791,21.19459
2021-03-31,21.19238,21.21068,21.12315,21.19037
2021-04-01,21.14133,21.18747,21.12773,21.14186
2021-04-05,21.1364,21.25853,21.12506,21.13719
2021-04-06,21.16936,21.23311,21.10049,21.17096
2021-04-07,21.22791,21.23805,21.11862,21.22138
2021-04-08,21.12259,21.23031,21.11995,21.13026
2021-04-12,21.20577,21.23222,21.12317,21.21215
2021-04-13,21.14308,21.29725,21.14229,21.14361
2021-04-14,21.24418,21.29778,21.2138,21.24219
2021-04-15,21.24009,21.26295,21.19789,21.22839
2021-04-19,21.14128,21.19918,21.12414,21.15501
2021-04-20,21.19454,21.23464,21.11532,21.18341
2021-04-21,21.12152,21.21523,21.09686,21.11532
2021-04-22,21.19477,21.19915,21.11863,21.19477
2021-04-26,21.02044,21.05211,21.00287,21.02162
2021-04-27,20.99917,21.05791,20.9891,21.00009
2021-04-28,20.9569,21.02051,20.93567,20.94869
2021-04-29,21.00168,21.07057,20.97949,20.99123
2021-05-03,21.03187,21.04237,20.86941,21.03318
2021-05-04,20.91022,20.96683,20.8811,20.91087
2021-05-05,20.94278,20.95898,20.87382,20.9531
2021-05-06,20.92052,20.95385,20.86289,20.92221
2021-05-10,20.92406,21.05313,20.86264,20.92666
2021-05-11,21.06593,21.1175,21.03446,21.06502
2021-05-12,21.0783,21.08523,20.92983,21.0796
2021-05-13,20.96102,20.97325,20.85872,20.96024
2021-05-17,21.07361,21.11303,20.96611,21.07088
2021-05-18,20.96534,21.00347,20.93405,20.95464
2021-05-19,21.01097,21.02378,20.9611,21.01381
2021-05-20,20.9611,21.06718,20.93152,20.96162
2021-05-24,21.02348,21.04704,20.96664,21.03047
2021-05-25,21.03628,21.1053,20.97841,21.03654
2021-05-26,21.04735,21.08285,20.95713,21.04579
2021-05-27,20.97647,21.0275,20.90671,20.96361
2021-05-31,20.77965,20.89464,20.74575,20.77014
2021-06-01,20.8971,20.95597,20.85407,20.89761
2021-06-02,20.85795,20.95018,20.8502,20.85279
2021-06-03,20.93509,20.96881,20.80539,20.93704
2021-06-07,20.89967,20.9407,20.88685,20.89941
2021-06-08,20.9233,20.95436,20.89609,20.92849
2021-06-09,20.95164,20.98884,20.85491,20.95268
2021-06-10,20.8914,20.94898,20.87353,20.89114
2021-06-14,20.87732,20.89486,20.80092,20.87758
2021-06-15,20.81254,20.86494,20.80738,20.82224
2021-06-16,20.90085,20.96911,20.71261,20.91258
2021-06-17,20.74888,20.79908,20.68821,20.7577
2021-06-21,20.74835,20.80406,20.70811,20.75146
2021-06-22,20.75,20.80411,20.70703,20.75232
2021-06-23,20.79816,20.86821,20.7878,20.80645
2021-06-24,20.86418,20.88216,20.76295,20.86847
2021-06-28,20.78461,20.82672,20.74277,20.78461
2021-06-29,20.75741,20.81317,20.74122,20.74769
2021-06-30,20.79933,20.81395,20.70782,20.79268
2021-07-01,20.71987,20.74736,20.69553,20.71741
2021-07-05,20.76349,20.80901,20.7301,20.7618
2021-07-06,20.78076,20.79742,20.74506,20.7672
2021-07-07,20.78657,20.79493,20.6445,20.78683
2021-07-08,20.70713,20.72936,20.66791,20.70764
2021-07-12,20.69317,20.74349,20.67616,20.68389
2021-07-13,20.76687,20.77233,20.63053,20.76492
2021-07-14,20.63427,20.66186,20.60348,20.63465
2021-07-15,20.62228,20.66044,20.59448,20.62344
2021-07-19,20.56814,20.58606,20.49631,20.56929
2021-07-20,20.5354,20.55251,20.46941,20.53616
2021-07-21,20.49866,20.63321,20.48594,20.49739
2021-07-22,20.6274,20.65929,20.59215,20.62934
2021-07-26,20.65805,20.6756,20.57485,20.65844
2021-07-27,20.60134,20.63228,20.5767,20.60096
2021-07-28,20.56518,20.62078,20.54857,20.56262
2021-07-29,20.59912,20.71788,20.57699,20.5972
2021-08-02,20.66181,20.69993,20.65034,20.66053
2021-08-03,20.69361,20.76132,20.53192,20.69283
2021-08-04,20.58428,20.60953,20.53413,20.58415
2021-08-05,20.56149,20.61822,20.54697,20.56264
2021-08-09,20.52034,20.52974,20.46751,20.51905
2021-08-10,20.46494,20.49141,20.45719,20.47303
2021-08-11,20.46939,20.48881,20.44052,20.45976
2021-08-12,20.47569,20.49393,20.43313,20.46645
2021-08-16,20.52213,20.56732,20.46832,20.51956
2021-08-17,20.57287,20.59495,20.45383,20.57171
2021-08-18,20.47462,20.53414,20.44486,20.46666
2021-08-19,20.53246,20.59319,20.51084,20.52886
2021-08-23,20.58229,20.6295,20.56719,20.57751
2021-08-24,20.60683,20.66275,20.60683,20.61201
2021-08-25,20.5939,20.68774,20.58227,20.59519
2021-08-26,20.66916,20.72436,20.65087,20.67631
2021-08-30,20.63859,20.64666,20.54419,20.63768
2021-08-31,20.60203,20.61138,20.53258,20.60112
2021-09-01,20.60028,20.61499,20.56914,20.59989
2021-09-02,20.57427,20.60419,20.54722,20.5704
2021-09-06,20.52317,20.59192,20.48463,20.53812
2021-09-07,20.57965,20.63596,20.56714,20.5794
2021-09-08,20.58787,20.66121,20.56938,20.57843
2021-09-09,20.62646,20.67255,20.60829,20.62413
2021-09-13,20.57257,20.6209,20.54537,20.58568
2021-09-14,20.62077,20.65218,20.59921,20.61089
2021-09-15,20.64944,20.70747,20.60141,20.64657
2021-09-16,20.61508,20.6473,20.56506,20.61482
2021-09-20,20.5526,20.57817,20.53195,20.54457
2021-09-21,20.54412,20.57148,20.52419,20.53583
2021-09-22,20.58319,20.62893,20.52921,20.57695
2021-09-23,20.52597,20.53258,20.47103,20.52545
2021-09-27,20.47989,20.49917,20.44272,20.47214
2021-09-28,20.46334,20.51957,20.43487,20.46334
2021-09-29,20.51827,20.57844,20.41858,20.51957
2021-09-30,20.48092,20.52303,20.42894,20.4804
2021-10-04,20.55064,20.59243,20.52604,20.54295
2021-10-05,20.56301,20.60686,20.53705,20.56367
2021-10-06,20.58602,20.61169,20.5648,20.58799
2021-10-07,20.60158,20.7346,20.58925,20.60198
2021-10-11,20.69739,20.75755,20.65426,20.69712
2021-10-12,20.7541,20.79076,20.73556,20.75344
2021-10-13,20.77365,20.8529,20.73214,20.72063
2021-10-14,20.8493,20.85184,20.76382,20.84757
2021-10-18,20.70683,20.76879,20.69231,20.70551
2021-10-19,20.7477,20.79551,20.70551,20.75168
2021-10-20,20.71795,20.7239,20.67121,20.70948
2021-10-21,20.71702,20.74365,20.63626,20.71821
2021-10-25,20.72598,20.75318,20.62927,20.72677
2021-10-26,20.66399,20.66531,20.56785,20.66412
2021-10-27,20.61017,20.67452,20.54096,20.60069
2021-10-28,20.54671,20.81239,20.52659,20.54802
2021-11-01,20.59199,20.7056,20.58673,20.60239
2021-11-02,20.70427,20.70852,20.60887,20.69222
2021-11-03,20.61453,20.68101,20.59045,20.59965
2021-11-04,20.65482,20.65839,20.59011,20.64066
2021-11-08,20.64623,20.65745,20.56151,20.63322
2021-11-09,20.60043,20.61689,20.51916,20.59174
2021-11-10,20.53177,20.5722,20.49637,20.53005
2021-11-11,20.53952,20.57912,20.50886,20.5399
2021-11-15,20.50448,20.53999,20.4865,20.50662
2021-11-16,20.49847,20.51569,20.45105,20.49496
2021-11-17,20.46523,20.51977,20.45203,20.47479
2021-11-18,20.49727,20.50495,20.41776,20.49803
2021-11-22,20.35494,20.3807,20.31498,20.34843
2021-11-23,20.32702,20.36016,20.28163,20.32212
2021-11-24,20.29462,20.35769,20.28857,20.29408
2021-11-25,20.28896,20.33615,20.26634,20.28914
2021-11-29,20.2791,20.36593,19.3363,20.27646
2021-11-30,20.19817,20.32991,20.19567,20.20678
2021-12-01,20.26482,20.32869,20.25376,20.23144
2021-12-02,20.21228,20.28198,18.81421,20.22194
2021-12-06,20.20314,20.32291,20.19657,20.21333
2021-12-07,20.31685,20.36194,20.25829,20.33065
2021-12-08,20.29243,20.34722,20.25154,20.29425
2021-12-09,20.29067,20.34007,20.26346,20.29017
2021-12-13,20.29072,20.37125,20.27617,20.28989
2021-12-14,20.27998,20.35763,20.2714,20.28129
2021-12-15,20.31864,20.40864,20.28841,20.32148
2021-12-16,20.36007,20.41282,20.34144,20.36961
2021-12-20,20.34596,20.40773,20.33227,20.34628
2021-12-21,20.33134,20.41569,20.32749,20.3419
2021-12-22,20.34208,20.41977,19.11553,20.3525
2021-12-23,20.34145,20.45557,20.32811,20.33622
2021-12-27,20.38893,20.43135,20.34985,20.4136
2021-12-28,20.40984,20.45135,20.32912,20.32674
2021-12-29,20.43916,20.52025,20.35439,20.43871
2021-12-30,20.46319,20.56481,20.36229,20.46762
2022-01-03,20.42462,20.42816,20.04332,20.4145
2022-01-04,20.24467,20.38378,20.24335,20.24599
2022-01-05,20.33419,20.36453,20.27696,20.32188
2022-01-06,20.29963,20.4027,20.27327,20.29871
2022-01-10,20.36716,20.50612,20.35709,20.35617
2022-01-11,20.46066,20.52991,20.44455,20.45233
2022-01-12,20.50336,20.56109,20.48767,20.50717
2022-01-13,20.47303,20.55314,20.46485,20.47986
2022-01-17,20.33787,20.47784,20.33645,20.34671
2022-01-18,20.3785,20.51659,20.36648,20.37469
2022-01-19,20.45037,20.54931,20.43084,20.45071
2022-01-20,20.49997,20.60891,20.46814,20.5132
2022-01-24,20.56001,20.65098,20.5484,20.56161
2022-01-25,20.60594,20.64875,20.54295,20.60403
2022-01-26,20.52788,20.61076,20.52788,20.52022
2022-01-27,20.52164,20.57572,20.48754,20.51713
2022-01-31,20.53344,20.6207,20.52031,20.54522
2022-02-01,20.571,20.64181,20.56791,20.57195
2022-02-02,20.60368,20.68558,19.38145,20.60313
2022-02-03,20.63538,20.70327,20.62336,20.64155
2022-02-07,20.70849,20.72612,20.66318,20.71866
2022-02-08,20.67466,20.72387,20.6593,20.67301
2022-02-09,20.69825,20.76455,20.68854,20.69916
2022-02-10,20.67768,20.73414,20.66968,20.67886
2022-02-14,20.68508,20.73626,20.67266,20.69462
2022-02-15,20.69423,20.74113,20.68081,20.69871
2022-02-16,20.71269,20.77197,20.70178,20.7179
2022-02-17,20.72579,20.7745,20.68981,20.72409
2022-02-21,20.6571,20.72417,20.64241,20.64613
2022-02-22,20.71386,20.74739,20.68867,20.70086
2022-02-23,20.72846,20.7871,20.66518,20.69857
2022-02-24,20.70835,20.78316,20.65014,20.7125
2022-02-28,20.6303,20.72678,20.62924,20.63143
2022-03-01,20.65918,20.70038,20.60236,20.66504
2022-03-02,20.64475,20.70097,20.63624,20.65547
2022-03-03,20.67322,20.72765,20.64033,20.67401
2022-03-07,20.764,20.82067,19.49711,20.76779
2022-03-08,20.73616,20.88152,20.73409,20.73824
2022-03-09,20.82278,20.89953,20.79874,20.82098
2022-03-10,20.83852,20.90179,20.83584,20.83807
2022-03-14,20.87839,20.94911,20.85136,20.88202
2022-03-15,20.90973,20.99378,20.86634,20.89416
2022-03-16,20.90239,21.00658,19.61455,20.90141
2022-03-17,20.83132,20.96681,20.73968,20.82169
2022-03-21,20.92507,21.04631,20.90934,20.91277
2022-03-22,20.99013,21.07941,20.98417,20.99046
2022-03-23,21.0401,21.14594,19.81752,21.04609
2022-03-24,21.11774,21.14238,21.07994,21.11509
2022-03-28,21.15591,21.18633,21.11735,21.16649
2022-03-29,21.12202,21.17226,21.0227,21.12075
2022-03-30,21.08896,21.18327,21.06282,21.08946
2022-03-31,21.1377,21.17803,20.10267,21.12172
2022-04-04,21.0832,21.13656,19.82049,21.07893
2022-04-05,21.0888,21.16898,21.07343,21.09037
2022-04-06,21.12585,21.21041,21.11472,21.11541
2022-04-07,21.14304,21.24019,21.14304,21.1568
2022-04-11,21.26039,21.39953,21.22583,21.26042
2022-04-12,21.28845,21.37065,21.22417,21.28675
2022-04-13,21.23445,21.44531,21.23445,21.20439
2022-04-14,21.35742,21.48251,21.35594,21.35623
2022-04-18,21.46473,21.5014,21.3777,21.46377
2022-04-19,21.38858,21.46709,21.38012,21.38905
2022-04-20,21.39768,21.49176,21.37202,21.384
2022-04-21,21.44795,21.47656,21.36847,21.45581
2022-04-25,21.2534,21.37173,21.25295,21.26
2022-04-26,21.26055,21.35265,21.25861,21.27615
2022-04-27,21.27769,21.35619,21.255,21.28244
2022-04-28,21.24723,21.36014,21.24221,21.24087
2022-05-02,21.28081,21.35174,21.2592,21.27753
2022-05-03,21.26035,21.39581,21.2376,21.26005
2022-05-04,21.30301,21.46868,21.28713,21.30039
2022-05-05,21.39415,21.45148,19.93466,21.3854
2022-05-09,21.4102,21.43429,20.28327,21.40206
2022-05-10,21.30148,21.43071,21.30046,21.30657
2022-05-11,21.35062,21.44287,21.33895,21.3562
2022-05-12,21.35562,21.388,21.3171,21.35599
2022-05-16,21.37563,21.434,20.10169,21.36233
2022-05-17,21.39815,21.46016,21.30756,21.38271
2022-05-18,21.37918,21.54491,20.27677,21.38348
2022-05-19,21.4371,21.5326,21.4371,21.43411
2022-05-23,21.45481,21.59191,21.45481,21.45765
2022-05-24,21.53815,21.58115,21.44227,21.53571
2022-05-25,21.47437,21.49479,21.38342,21.39376
2022-05-26,21.36732,21.46391,21.35414,21.36616
2022-05-30,21.09611,21.33755,20.48707,21.09597
2022-05-31,21.17789,21.30232,21.10577,21.17697
2022-06-01,21.17952,21.36637,20.11073,21.18268
2022-06-02,21.23468,21.36053,21.22244,21.23308
2022-06-06,21.3532,21.46875,21.27405,21.33949
2022-06-07,21.40798,21.47351,21.36458,21.39339
2022-06-08,21.39993,21.49807,21.38252,21.39082
2022-06-09,21.40282,21.4361,21.35034,21.39914
2022-06-13,21.26712,21.40045,21.26551,21.2994
2022-06-14,21.2522,21.38673,20.27875,21.25326
2022-06-15,21.23803,21.50451,20.5143,21.23978
2022-06-16,21.38998,21.5164,21.36229,21.46634
2022-06-20,21.39494,21.48319,20.04268,21.39608
2022-06-21,21.45088,21.48002,21.35409,21.45208
2022-06-22,21.39283,21.4812,21.38495,21.38917
2022-06-23,21.32182,21.44388,21.30014,21.31505
2022-06-27,21.37805,21.46288,21.24841,21.24227
2022-06-28,21.40526,21.43269,21.31586,21.394
2022-06-29,21.32539,21.40657,21.28713,21.30111
2022-06-30,21.33158,21.45578,21.30055,21.33174
2022-07-04,21.27668,21.35419,21.18032,21.27118
2022-07-05,21.19525,21.27976,21.18024,21.19133
2022-07-06,21.19345,21.28393,21.18945,21.20532
2022-07-07,21.23701,21.28853,21.20272,21.23992
2022-07-11,21.25539,21.27785,21.20332,21.25427
2022-07-12,21.22148,21.26625,21.15738,21.20462
2022-07-13,21.15547,21.43106,20.06516,21.1546
2022-07-14,21.32861,21.39176,21.29979,21.32328
2022-07-18,21.3514,21.49154,21.34434,21.36183
2022-07-19,21.43295,21.50938,21.39681,21.46734
2022-07-20,21.44364,21.52269,21.42469,21.44999
2022-07-21,21.50066,21.55612,21.4525,21.49817
2022-07-25,21.5157,21.61284,21.51228,21.51937
2022-07-26,21.53093,21.61373,21.53093,21.53585
2022-07-27,21.6104,21.69595,21.58559,21.60274
2022-07-28,21.67525,21.76337,20.46319,21.68428
2022-08-01,21.90529,21.91693,21.63519,21.91327
2022-08-02,21.64647,21.76064,21.62578,21.64882
2022-08-03,21.68067,21.7728,21.67976,21.68351
2022-08-04,21.77591,21.80513,21.67485,21.77648
2022-08-08,21.76479,21.79822,21.73446,21.76667
2022-08-09,21.77982,21.87108,21.72941,21.7752
2022-08-10,21.82964,21.91931,21.80764,21.84397
2022-08-11,21.85985,21.90564,21.79265,21.85921
2022-08-15,21.74909,21.7921,21.70763,21.75505
2022-08-16,21.71939,21.7777,21.65628,21.71926
2022-08-17,21.66254,21.73756,21.65085,21.66271
2022-08-18,21.62476,21.67425,21.60523,21.62675
2022-08-22,21.56532,21.69953,21.54509,21.56115
2022-08-23,21.66444,21.73296,21.62578,21.66148
2022-08-24,21.66956,21.77678,21.65688,21.66786
2022-08-25,21.71514,21.77543,21.1122,21.72736
2022-08-29,21.76317,21.83484,21.74996,21.76926
2022-08-30,21.78295,21.82493,21.71441,21.77004
2022-08-31,21.68679,21.86273,21.66922,21.68604
2022-09-01,21.79745,21.86621,21.79213,21.804
2022-09-05,21.88507,21.98772,21.87074,21.88574
2022-09-06,21.90152,22.00242,20.92622,21.90221
2022-09-07,21.97122,22.01851,20.71201,21.9526
2022-09-08,21.98677,22.06191,21.97105,21.98031
2022-09-12,22.1146,22.176,22.0435,22.1114
2022-09-13,22.14148,22.18024,22.09921,22.13208
2022-09-14,22.10751,22.22349,22.09217,22.10569
2022-09-15,22.15456,22.26815,20.97998,22.16101
2022-09-19,22.25115,22.3096,20.97287,22.25341
2022-09-20,22.22269,22.27083,22.15826,22.22277
2022-09-21,22.17414,22.30856,20.97832,22.17375
2022-09-22,22.25132,22.35157,20.88162,22.24116
2022-09-26,22.159,22.2024,22.00217,22.15616
2022-09-27,22.01587,22.10118,20.82651,22.00932
2022-09-28,22.0472,22.1388,20.86744,22.06308
2022-09-29,22.09442,22.19967,22.07646,22.09829
2022-10-03,22.22075,22.25321,22.1439,22.21603
2022-10-04,22.22365,22.2504,21.23841,22.22668
2022-10-05,22.16009,22.17641,20.85321,22.16767
2022-10-06,22.0614,22.1615,22.0365,22.063
2022-10-10,22.11032,22.2082,22.09499,22.12158
2022-10-11,22.1216,22.19785,22.09765,22.12133
2022-10-12,22.13877,22.27593,21.00035,22.14539
2022-10-13,22.29775,22.45989,21.18285,22.2544
2022-10-17,22.50682,22.5537,22.47379,22.50687
2022-10-18,22.57859,22.58085,21.28422,22.54774
2022-10-19,22.55355,22.56696,22.47878,22.5529
2022-10-20,22.52934,22.64951,21.35272,22.51871
2022-10-24,22.7459,22.79357,22.68851,22.75095
2022-10-25,22.75685,22.88675,22.72543,22.74609
2022-10-26,22.77713,22.87765,21.56355,22.78606
2022-10-27,22.72915,22.83721,22.66748,22.72778
2022-10-31,22.79814,22.84023,21.52453,22.78724
2022-11-01,22.71977,24.82889,22.70631,22.70271
2022-11-02,22.72648,22.78771,22.65818,22.73513
2022-11-03,22.61302,22.80269,22.61188,22.61334
2022-11-07,22.73108,22.87003,22.7164,22.73577
2022-11-08,22.72453,22.81969,22.58911,22.74718
2022-11-09,22.76787,22.82447,21.42967,22.77207
2022-11-10,22.52348,22.76301,21.39735,22.5337
2022-11-14,22.5086,22.73108,21.66548,22.49758
2022-11-15,22.67517,22.7724,22.63775,22.67517
2022-11-16,22.65509,22.73089,22.61526,22.64412
2022-11-17,22.57605,22.70258,22.56142,22.57435
2022-11-21,22.52375,22.64164,22.52375,22.53855
2022-11-22,22.58213,22.63837,22.49354,22.5731
2022-11-23,22.58138,22.63324,22.46471,22.57796
2022-11-24,22.46799,22.53348,22.28934,22.4813
2022-11-28,22.4925,22.596,22.32652,22.48261
2022-11-29,22.49728,22.61048,22.38126,22.4977
2022-11-30,22.65272,22.7364,22.42306,22.65144
2022-12-01,22.59786,22.62945,21.39748,22.5957
2022-12-05,22.53832,22.6059,22.31484,22.54061
2022-12-06,22.55653,22.61936,22.40226,22.54619
2022-12-07,22.60815,22.6361,22.44379,22.61618
2022-12-08,22.51182,22.70628,22.51182,22.50326
2022-12-12,22.49663,22.77326,21.43777,22.65529
2022-12-13,22.54149,22.73334,22.47592,22.72855
2022-12-14,22.61782,22.71758,22.41126,22.62219
2022-12-15,22.6521,22.71635,22.53767,22.65685
2022-12-19,22.69562,22.77404,22.53353,22.69704
2022-12-20,22.74679,22.75215,22.608,22.74552
2022-12-21,22.69878,22.79101,22.55475,22.7127
2022-12-22,22.74455,22.80754,22.64152,22.7467
2022-12-26,22.80508,22.89836,22.67615,22.81303
2022-12-27,22.79153,22.88864,22.78042,22.79023
2022-12-28,22.77667,22.8595,22.75341,22.77338
2022-12-29,22.83487,22.94842,22.74416,22.82795
2023-01-02,22.90233,22.98394,22.78633,22.90596
2023-01-03,22.79076,22.91394,22.77877,22.79164
2023-01-04,22.87196,22.92041,22.77437,22.87589
2023-01-05,22.82824,22.90216,22.77453,22.75678
2023-01-09,22.75248,22.91482,22.71711,22.75407
2023-01-10,22.86365,22.89466,22.82699,22.84451
2023-01-11,22.77024,22.9653,21.23595,22.88019
2023-01-12,22.96067,22.97876,22.82377,22.96051
2023-01-16,22.99077,23.00771,22.88276,22.97502
2023-01-17,22.94859,23.05053,22.81834,22.93766
2023-01-18,22.98514,22.99675,22.86352,22.9949
2023-01-19,22.85045,23.00715,22.82176,22.96258
2023-01-23,22.97536,23.00505,22.87883,22.97709
2023-01-24,22.93884,23.05927,22.83508,22.94443
2023-01-25,23.06576,23.07526,22.93339,23.05192
2023-01-26,23.04366,23.07543,22.93516,23.04399
2023-01-30,22.90242,22.9073,22.75453,22.89141
2023-01-31,22.76909,22.8802,22.69706,22.84976
2023-02-01,22.76537,22.82082,22.63161,22.62155
2023-02-02,22.54158,22.72135,20.97782,22.54945
2023-02-06,22.6072,22.70631,22.56917,22.60148
2023-02-07,22.69793,22.71228,22.61027,22.69839
2023-02-08,22.68045,22.7567,22.57878,22.67042
2023-02-09,22.64203,22.7532,22.62251,22.63149
2023-02-13,22.75687,22.78187,21.0254,22.75199
2023-02-14,22.76727,22.81551,22.66653,22.76821
2023-02-15,22.71345,22.74579,22.63907,22.71356
2023-02-16,22.69977,22.74892,22.60764,22.70138
2023-02-20,22.72893,22.79734,22.66213,22.72766
2023-02-21,22.76322,22.82088,22.7336,22.75369
2023-02-22,22.74051,22.7875,22.56647,22.74019
2023-02-23,22.554,22.75864,20.48399,22.62299
2023-02-27,22.71854,22.82853,22.71007,22.72522
2023-02-28,22.72922,22.7933,22.65977,22.72584
2023-03-01,22.72415,22.82529,22.70467,22.72394
2023-03-02,22.71599,22.77069,22.6875,22.72064
2023-03-06,22.74462,22.79591,22.69642,22.72896
2023-03-07,22.69128,22.76583,22.67139,22.68461
2023-03-08,22.71615,22.803,22.70201,22.70338
2023-03-09,22.76642,22.82154,20.49148,22.77858
2023-03-13,22.60204,22.73159,22.5256,22.61041
2023-03-14,22.5943,22.84107,21.44656,22.59301
2023-03-15,22.5911,23.80641,22.5892,22.589
2023-03-16,22.70508,22.8022,22.59708,22.69462
2023-03-20,22.79796,22.85832,22.71474,22.81238
2023-03-21,22.80125,22.85832,22.67474,22.80574
2023-03-22,22.83362,22.90051,22.69601,22.837
2023-03-23,22.6971,22.88535,22.68425,22.70447
2023-03-27,22.82971,22.875,22.67061,22.67193
2023-03-28,22.73782,22.93323,22.73612,22.72883
2023-03-29,22.95601,22.981,22.86552,22.95472
2023-03-30,22.8579,22.98203,22.84398,22.85902
2023-04-03,22.98287,23.03661,22.89801,22.98428
2023-04-04,22.92942,23.0188,22.90262,22.92927
2023-04-05,22.99449,23.06026,22.87642,22.99283
2023-04-06,22.94112,22.95329,22.8167,22.9311
2023-04-10,22.92505,22.94145,22.82639,22.92042
2023-04-11,22.86294,22.97014,22.75553,22.87474
2023-04-12,22.95296,23.07011,22.90373,22.96051
2023-04-13,22.95782,23.00624,22.88688,23.01636
2023-04-17,22.83568,22.91685,22.83568,22.84931
2023-04-18,22.86966,22.94455,22.81096,22.85827
2023-04-19,22.88534,22.97345,22.88534,22.88621
2023-04-20,22.94512,22.96683,22.85671,22.94738
2023-04-24,22.99702,23.0367,22.93277,22.93818
2023-04-25,22.9128,23.03108,22.9103,22.93999
2023-04-26,22.94381,23.02766,22.94312,22.94229
2023-04-27,22.95379,23.06144,22.93996,22.94142
2023-05-01,22.99615,23.08375,22.9907,22.98675
2023-05-02,23.07585,23.09875,22.98102,23.04735
2023-05-03,23.0498,23.16028,23.0428,23.04262
2023-05-04,23.08047,23.15845,23.0627,23.08181
2023-05-08,23.14044,23.17596,23.07422,23.07927
2023-05-09,23.09641,23.17301,23.08981,23.09489
2023-05-10,23.12177,23.18838,23.10255,23.11201
2023-05-11,23.05592,23.13004,23.01825,23.05513
2023-05-15,23.0007,23.07292,22.9941,23.00657
2023-05-16,22.96971,23.02757,22.90455,22.96157
2023-05-17,22.93813,22.95904,22.79861,22.93349
2023-05-18,22.77319,22.8231,22.70776,22.7755
2023-05-22,22.77469,22.87281,22.70402,22.78437
2023-05-23,22.87218,22.89901,22.7784,22.86624
2023-05-24,22.82405,22.842,22.73926,22.83702
2023-05-25,22.70911,22.77352,22.68462,22.71303
2023-05-29,22.55136,22.6408,22.55136,22.55331
2023-05-30,22.63575,22.74139,22.61601,22.62351
2023-05-31,22.6754,22.77316,22.67203,22.67757
2023-06-01,22.70101,22.80645,22.69091,22.71014
2023-06-05,22.71706,22.7849,22.71128,22.71145
2023-06-06,22.73936,22.82954,22.73223,22.73063
2023-06-07,22.7776,22.86231,22.7776,22.77501
2023-06-08,22.81968,22.91532,22.81849,22.82061
2023-06-12,22.86328,22.91288,22.8173,22.86113
2023-06-13,22.82155,22.93666,22.79625,22.78695
2023-06-14,22.89168,22.95732,22.84824,22.92012
2023-06-15,22.88183,22.98672,22.87792,22.93379
2023-06-19,22.97619,23.07339,22.96078,22.97635
2023-06-20,23.03563,23.07546,22.99699,23.04445
2023-06-21,23.08841,23.0974,23.03522,23.07971
2023-06-22,23.04765,23.07115,22.90891,23.06122
2023-06-26,22.9034,23.0436,22.89197,22.91526
2023-06-27,22.96234,23.05837,22.89373,22.96334
2023-06-28,22.96643,22.99129,22.90188,22.95915
2023-06-29,22.94279,23.03646,22.92702,22.95726
2023-07-03,23.01019,23.07313,23.01019,23.01462
2023-07-04,23.02968,23.07536,23.0115,23.03681
2023-07-05,23.07956,23.13696,23.04183,23.08319
2023-07-06,23.16514,23.21454,23.08732,23.13264
2023-07-10,23.31687,23.37569,23.30226,23.32986
2023-07-11,23.32656,23.46738,23.32421,23.32567
2023-07-12,23.34987,23.44229,23.25033,23.34193
2023-07-13,23.44242,23.44242,23.30735,23.4081
2023-07-17,23.40301,23.4868,23.39739,23.41601
2023-07-18,23.43921,23.48876,23.36655,23.36137
2023-07-19,23.43166,23.53088,23.43027,23.44068
2023-07-20,23.39483,23.57724,23.38936,23.39882
2023-07-24,23.49305,23.59645,23.48026,23.49673
2023-07-25,23.47987,23.57765,23.46298,23.46987
2023-07-26,23.42111,23.64727,23.42111,23.54272
2023-07-27,23.5152,23.63922,23.45496,23.52217
2023-07-31,23.62552,23.72237,21.41695,23.61183
2023-08-01,23.67492,23.69304,23.56495,23.67354
2023-08-02,23.57297,23.62443,23.54484,23.57763
2023-08-03,23.61248,23.6855,23.55939,23.59805
2023-08-07,23.6163,23.67959,23.58534,23.6081
2023-08-08,23.61101,23.65361,23.56209,23.59906
2023-08-09,23.56418,23.6207,22.44013,23.5527
2023-08-10,23.51706,23.61222,23.51084,23.52015
2023-08-14,23.53857,23.58377,23.48645,23.53323
2023-08-15,23.45887,23.52837,23.43288,23.46078
2023-08-16,23.45688,23.53357,23.44613,23.45796
2023-08-17,23.47786,23.57359,23.4532,23.4982
2023-08-21,23.52189,23.58959,23.50012,23.51352
2023-08-22,23.56407,23.57311,23.49219,23.56337
2023-08-23,23.55649,23.57937,23.43085,23.55789
2023-08-24,23.45477,23.48876,23.40746,23.45541
2023-08-28,23.47348,23.56941,23.47159,23.48221
2023-08-29,23.52956,23.59086,23.48874,23.53259
2023-08-30,23.54334,23.63901,23.54239,23.55938
2023-08-31,23.54546,23.63179,23.52634,23.54494
2023-09-04,23.52288,23.55769,23.41941,23.49915
2023-09-05,23.45416,23.49465,23.39279,23.4387
2023-09-06,23.40767,23.50793,23.40141,23.41023
2023-09-07,23.45457,23.54747,23.45182,23.46686
2023-09-11,23.45822,23.54415,23.43509,23.45976
2023-09-12,23.50445,23.54579,23.44245,23.4907
2023-09-13,23.43358,23.4964,22.92292,23.43309
2023-09-14,23.38221,23.49532,23.3602,23.35796
2023-09-18,23.39989,23.50469,23.39989,23.40361
2023-09-19,23.43193,23.50283,23.43193,23.43887
2023-09-20,23.43321,23.544,23.393,23.42743
2023-09-21,23.51131,23.56436,23.4931,23.51452
2023-09-25,23.49917,23.57479,23.48928,23.50571
2023-09-26,23.51543,23.56417,23.48142,23.50633
2023-09-27,23.47497,23.56424,23.47497,23.46938
2023-09-28,23.4776,23.61588,23.4637,23.47896
2023-10-02,23.51781,23.57118,23.49452,23.52254
2023-10-03,23.52608,23.61031,23.512,23.525
2023-10-04,23.54685,23.60286,23.51014,23.53809
2023-10-05,23.54678,23.58632,23.44367,23.55027
2023-10-09,23.56273,23.57921,23.4948,23.55805
2023-10-10,23.49705,23.58708,23.487,23.49292
2023-10-11,23.52213,23.6395,23.47262,23.52727
2023-10-12,23.49425,23.56214,23.48278,23.48598
2023-10-16,23.52273,23.65329,23.51903,23.53089
2023-10-17,23.62416,23.66093,23.57667,23.63334
2023-10-18,23.58164,23.61039,23.54133,23.58767
2023-10-19,23.5667,23.58407,23.52832,23.5749
2023-10-23,23.60662,23.67835,23.58441,23.58424
2023-10-24,23.61704,23.67731,23.54039,23.54094
2023-10-25,23.56293,23.68912,23.56293,23.59401
2023-10-26,23.65001,23.69916,23.62024,23.6395
2023-10-30,23.62803,23.75812,23.62236,23.63768
2023-10-31,23.66892,23.71912,23.63782,23.67043
2023-11-01,23.6879,23.76875,23.63309,23.69462
2023-11-02,23.65271,23.76969,22.78581,23.58642
2023-11-06,23.76878,23.8214,23.73286,23.77292
2023-11-07,23.69183,23.80116,23.68168,23.69265
2023-11-08,23.75999,23.80793,23.67131,23.75198
2023-11-09,23.70213,23.8118,23.69969,23.70361
2023-11-13,23.72605,23.95416,23.55858,23.72489
2023-11-14,23.67648,23.827,22.83067,23.7809
2023-11-15,23.57455,23.7251,23.41979,23.57451
2023-11-16,23.64544,23.67254,23.5541,23.63198
2023-11-20,23.52572,23.58219,23.32307,23.53616
2023-11-21,23.45822,23.57682,23.42547,23.45754
2023-11-22,23.49329,23.60079,23.34948,23.47899
2023-11-23,23.58721,23.62246,23.4332,23.58705
2023-11-27,23.59073,23.61441,22.6755,23.59621
2023-11-28,23.50801,23.57085,23.26076,23.52228
2023-11-29,23.31589,23.50764,23.30221,23.30483
2023-11-30,23.47275,23.52567,23.328,23.46544
2023-12-04,23.50419,23.55318,23.38952,23.49252
2023-12-05,23.51059,23.5223,23.40944,23.51059
2023-12-06,23.46483,23.52704,23.08773,23.46886
2023-12-07,23.28237,23.5373,23.22367,23.35845
2023-12-11,23.42808,23.49353,23.30848,23.3386
2023-12-12,23.47705,23.49556,23.4275,23.47505
2023-12-13,23.28039,23.60912,23.2623,23.28153
2023-12-14,23.4819,23.56681,23.26652,23.48528
2023-12-18,23.39999,23.57058,23.39999,23.56124
2023-12-19,23.54172,23.58516,23.39276,23.53251
2023-12-20,23.37967,23.55014,22.37335,23.51942
2023-12-21,23.52155,23.5355,22.47845,23.52107
2023-12-25,23.485,23.5188,23.27089,23.48528
2023-12-26,23.39243,23.43724,23.30394,23.39226
2023-12-27,23.38319,23.4042,23.0486,23.37371
2023-12-28,23.25854,23.33961,22.8155,23.25998
2024-01-01,23.25017,23.35681,22.97706,23.25193
2024-01-02,23.28926,23.38805,23.15587,23.2926
2024-01-03,23.47296,23.59593,23.30562,23.46203
2024-01-04,23.35545,23.39423,23.21034,23.2188
2024-01-08,23.31926,23.38079,23.1257,23.12075
2024-01-09,23.34017,23.39406,23.21836,23.33491
2024-01-10,23.37635,23.40448,23.23244,23.38159
2024-01-11,23.35475,23.41068,23.23067,23.23179
2024-01-15,23.39241,23.56549,23.36984,23.39401
2024-01-16,23.44183,23.52125,23.42456,23.44059
2024-01-17,23.46393,23.54887,23.43508,23.45865
2024-01-18,23.4831,23.51646,23.31764,23.50149
2024-01-22,23.36789,23.44893,23.24048,23.37059
2024-01-23,23.34057,23.43414,23.32212,23.33816
2024-01-24,23.24573,23.42048,23.0727,23.35703
2024-01-25,23.36932,23.40555,23.21272,23.37213
2024-01-29,23.27789,23.30652,23.14901,23.28779
2024-01-30,23.27361,23.38895,23.18807,23.2633
2024-01-31,23.31729,23.42308,23.2172,23.32363
2024-02-01,23.30234,23.40414,23.27424,23.37555
2024-02-05,23.27661,23.32125,23.25633,23.26553
2024-02-06,23.23031,23.3728,23.21976,23.2314
2024-02-07,23.35192,23.41931,23.25431,23.35857
2024-02-08,23.24284,23.33031,23.22343,23.24126
2024-02-12,23.26561,23.35266,23.19926,23.25798
2024-02-13,23.29106,23.37061,23.2729,23.29091
2024-02-14,23.26651,23.32095,23.23992,23.26589
2024-02-15,23.23252,23.31476,23.22444,23.23302
2024-02-19,23.33605,23.42604,23.26576,23.33378
2024-02-20,23.35309,23.48171,23.34893,23.35144
2024-02-21,23.38174,23.52222,23.38174,23.38258
2024-02-22,23.4281,23.54737,23.40602,23.42874
2024-02-26,23.46434,23.53549,23.46085,23.4685
2024-02-27,23.49619,23.55571,23.48981,23.49405
2024-02-28,23.51256,23.57815,23.47106,23.52434
2024-02-29,23.49777,23.52159,23.45826,23.49612
2024-03-04,23.4551,23.5195,23.45402,23.45454
2024-03-05,23.485,23.55537,23.47877,23.4852
2024-03-06,23.52096,23.60939,23.50829,23.50717
2024-03-07,23.5893,23.63722,23.52266,23.59121
2024-03-11,23.57544,23.6602,23.55248,23.57351
2024-03-12,23.57974,23.63856,23.56891,23.5656
2024-03-13,23.59034,23.67929,23.56622,23.58806
2024-03-14,23.60694,23.67831,23.57693,23.5913
2024-03-18,23.61941,23.69802,23.61054,23.62538
2024-03-19,23.63436,23.77126,23.62659,23.63592
2024-03-20,23.72386,23.86809,23.34129,23.71876
2024-03-21,23.73152,23.77661,23.65374,23.72777
2024-03-25,23.63575,23.76563,23.58178,23.57652
2024-03-26,23.7035,23.79116,23.68313,23.7002
2024-03-27,23.70937,23.76725,23.67543,23.72026
2024-03-28,23.69306,23.73059,23.51912,23.72547
2024-04-01,23.67197,23.73683,23.57698,23.66941
2024-04-02,23.70992,23.75723,23.67077,23.70678
2024-04-03,23.71989,23.80312,23.71517,23.7153
2024-04-04,23.76898,23.81821,23.74781,23.76531
2024-04-08,23.80432,23.836,23.78386,23.80374
2024-04-09,23.7732,23.82771,23.7481,23.78
2024-04-10,23.7748,23.8468,23.74061,23.76309
2024-04-11,23.82429,23.83779,23.7048,23.82751
2024-04-15,23.77088,23.85975,23.74384,23.77379
2024-04-16,23.81432,23.85321,23.61328,23.81357
2024-04-17,23.77463,23.86104,23.76171,23.7826
2024-04-18,23.81051,23.91045,23.70476,23.79952
2024-04-22,23.91808,23.99324,23.88846,23.92229
2024-04-23,23.89448,23.97798,23.87946,23.89189
2024-04-24,23.96203,23.98925,23.91533,23.96247
2024-04-25,23.94175,23.96835,23.90525,23.93499
2024-04-29,23.85923,23.9503,23.8395,23.87171
2024-04-30,23.88738,23.90207,23.84909,23.88808
2024-05-01,23.89201,23.9523,23.85848,23.89231
2024-05-02,23.90153,23.95439,23.60742,23.89301
2024-05-06,23.86956,23.96967,23.86945,23.86855
2024-05-07,23.88696,23.94187,23.86378,23.8976
2024-05-08,23.86222,23.9462,23.84793,23.85495
2024-05-09,23.91106,23.99958,23.90227,23.91313
2024-05-13,23.92658,23.96452,23.88307,23.92466
2024-05-14,23.92182,23.92729,23.70359,23.90806
2024-05-15,23.83593,23.93501,23.80708,23.83929
2024-05-16,23.90368,23.94725,23.82694,23.87768
2024-05-20,23.90218,23.99049,23.89766,23.90218
2024-05-21,23.93562,23.98494,23.90206,23.93815
2024-05-22,23.86119,23.92005,23.83818,23.86984
2024-05-23,23.84917,23.89092,23.82272,23.83522
2024-05-27,23.80015,23.90051,23.79464,23.80392
2024-05-28,23.90039,23.97611,23.86678,23.85188
2024-05-29,23.94305,24.0375,23.91518,23.94598
2024-05-30,23.97307,24.08871,23.95954,23.96593
2024-06-03,24.01695,24.07712,23.97467,24.01827
2024-06-04,24.01497,24.06267,23.96092,24.0149
2024-06-05,23.95618,24.00898,23.91265,23.92812
2024-06-06,23.95334,24.01792,23.87579,23.93735
2024-06-10,23.94812,23.95845,23.89016,23.90678
2024-06-11,23.88187,23.99137,23.87987,23.88358
2024-06-12,23.86935,23.99345,23.8671,23.89752
2024-06-13,23.92074,23.98484,23.88849,23.90544
2024-06-17,23.90398,23.96685,23.89625,23.90542
2024-06-18,23.93983,23.99204,23.88927,23.93948
2024-06-19,23.98744,23.98744,23.87721,23.98346
2024-06-20,23.87356,23.92065,23.86073,23.88023
2024-06-24,23.8903,24.02323,23.8903,23.89115
2024-06-25,23.9701,24.04343,23.94014,23.97055
2024-06-26,23.987,24.00956,23.95701,23.97723
2024-06-27,23.95138,23.97785,23.87608,23.94748
2024-07-01,23.94955,24.0362,23.94404,23.95123
2024-07-02,24.0313,24.13248,24.01218,24.02972
2024-07-03,24.12083,24.15264,23.98898,24.1027
2024-07-04,24.05073,24.07418,23.97833,24.04984
2024-07-08,24.07094,24.12666,24.04216,24.06088
2024-07-09,24.06752,24.18253,24.06752,24.06733
2024-07-10,24.15059,24.18406,24.08055,24.15992
2024-07-11,24.13662,24.26419,24.11627,24.12865
2024-07-15,24.24143,24.28592,24.2245,24.25332
2024-07-16,24.26022,24.29025,24.19443,24.23672
2024-07-17,24.25207,24.36209,24.24968,24.24849
2024-07-18,24.29773,24.39485,24.27948,24.28198
2024-07-22,24.38605,24.4177,24.34565,24.38569
2024-07-23,24.33622,24.38981,24.32743,24.33458
2024-07-24,24.35418,24.39927,24.29609,24.35572
2024-07-25,24.3142,24.46816,24.30513,24.31444
2024-07-29,24.44327,24.49416,24.32565,24.45791
2024-07-30,24.41456,24.523,24.41456,24.41308
2024-07-31,24.37694,24.55143,24.35423,24.37444
2024-08-01,24.44626,24.66434,24.43559,24.47356
2024-08-05,24.65519,24.74403,24.52026,24.65688
2024-08-06,24.72412,24.73184,24.50069,24.72509
2024-08-07,24.61987,24.63137,24.43171,24.62344
2024-08-08,24.44844,24.51182,24.25522,24.44854
2024-08-12,24.4818,24.55967,24.32449,24.35596
2024-08-13,24.52003,24.56289,24.32562,24.53205
2024-08-14,24.49002,24.53688,24.28661,24.30182
2024-08-15,24.53484,24.56113,24.39967,24.53481
2024-08-19,24.40735,24.46408,24.20931,24.40234
2024-08-20,24.44352,24.48088,24.24514,24.45923
2024-08-21,24.45698,24.47682,24.28177,24.28657
2024-08-22,24.44946,24.48217,24.28388,24.46244
2024-08-26,24.39755,24.51135,24.23411,24.39528
2024-08-27,24.49588,24.55721,24.48435,24.35842
2024-08-28,24.37686,24.56696,24.37686,24.53493
2024-08-29,24.31376,24.56384,24.31226,24.45724
2024-09-02,24.42749,24.55681,24.42515,24.4437
2024-09-03,24.55309,24.66138,24.46836,24.47032
2024-09-04,24.61879,24.66031,24.51167,24.61858
2024-09-05,24.63238,24.68955,24.50209,24.63327
2024-09-09,24.5078,24.66666,24.5078,24.59663
2024-09-10,24.66252,24.71482,24.54103,24.6584
2024-09-11,24.61099,24.67055,24.47798,24.61042
2024-09-12,24.68844,24.70199,24.49782,24.54294
2024-09-16,24.4227,24.66662,24.41102,24.59125
2024-09-17,24.64792,24.75571,24.4911,24.65545
2024-09-18,24.66933,24.74259,24.51261,24.518
2024-09-19,24.57996,24.8013,24.57925,24.68132
2024-09-23,24.7975,24.83853,24.73001,24.73846
2024-09-24,24.79375,24.84543,24.70367,24.7306
2024-09-25,24.80781,24.84643,24.67637,24.7046
2024-09-26,24.50413,24.71719,24.50413,24.50356
2024-09-30,24.70256,24.7934,24.57195,24.57339
2024-10-01,24.76005,24.77756,24.65525,24.66884
2024-10-02,24.61934,24.77061,24.59535,24.62048
2024-10-03,24.66281,24.76135,23.15811,24.70267
2024-10-07,24.63491,24.75766,24.61579,24.63423
2024-10-08,24.67127,24.74435,24.57854,24.66939
2024-10-09,24.64964,24.70691,24.62609,24.66202
2024-10-10,24.65133,24.70479,24.59519,24.65218
2024-10-14,24.57436,24.61284,24.5386,24.57916
2024-10-15,24.56017,24.61017,24.52286,24.56392
2024-10-16,24.46295,24.53838,24.42556,24.46703
2024-10-17,24.41131,24.48282,24.39427,24.40762
2024-10-21,24.34229,24.40811,24.33512,24.35066
2024-10-22,24.27504,24.38388,24.2322,24.32203
2024-10-23,24.19066,24.32934,24.18568,24.19369
2024-10-24,24.25608,24.34178,24.23039,24.25884
2024-10-28,24.20694,24.26712,24.18801,24.21587
2024-10-29,24.24854,24.26116,24.08647,24.18474
2024-10-30,24.12324,24.18126,24.07811,24.10191
2024-10-31,24.10356,24.21759,24.04593,24.1437
2024-11-04,24.07487,24.2686,24.07243,24.19039
2024-11-05,24.22573,24.26161,23.71268,24.22508
2024-11-06,24.23172,24.3644,24.16306,24.25283
2024-11-07,24.25484,24.34759,24.18485,24.25513
2024-11-11,24.28745,24.30651,24.22003,24.28672
2024-11-12,24.2101,24.28459,24.16888,24.20966
2024-11-13,24.1541,24.26022,24.12961,24.1572
2024-11-14,24.18505,24.24495,23.70207,24.1685
2024-11-18,24.23463,24.26927,24.15234,24.23853
2024-11-19,24.17255,24.26406,24.16641,24.18089
2024-11-20,24.18409,24.28742,24.17145,24.18373
2024-11-21,24.13835,24.22176,24.1225,24.13826
2024-11-25,24.0178,24.12732,23.93456,23.96419
2024-11-26,24.07736,24.25222,24.06744,24.07486
2024-11-27,24.17256,24.26497,24.14058,24.16674
2024-11-28,24.24033,24.34236,24.19098,24.2239
2024-12-02,24.23259,24.29659,24.17887,24.23259
2024-12-03,24.15867,24.1979,24.06156,24.13824
2024-12-04,24.04849,24.20589,24.04107,24.05819
2024-12-05,24.12905,24.20516,24.08578,24.15627
2024-12-09,24.14876,24.27259,24.13551,24.14929
2024-12-10,24.24879,24.26628,24.13825,24.25763
2024-12-11,24.18511,24.40123,24.09485,24.18889
2024-12-12,24.10594,24.17021,24.0627,24.10782
2024-12-16,24.02753,24.10815,23.99096,24.02683
2024-12-17,24.02059,24.09996,24.00833,24.02643
2024-12-18,23.90575,24.04476,23.90575,23.98222
2024-12-19,23.95785,24.08534,23.92938,23.95742
2024-12-23,24.0689,24.10408,24.00985,24.02452
2024-12-24,23.95751,24.23473,23.91193,23.9783
2024-12-25,24.06683,24.12664,23.93494,24.06576
2024-12-26,24.06273,24.21091,24.03174,24.08011
2024-12-30,24.12335,24.14566,23.94327,24.09887
2025-01-01,24.02207,24.16584,23.96193,24.02062
2025-01-02,24.01162,24.07231,23.97096,24.00026
2025-01-06,23.99572,24.08682,23.95438,24.00381
2025-01-07,23.97869,24.09199,23.95639,23.97953
2025-01-08,24.06222,24.07914,24.00833,24.06226
2025-01-09,24.01716,24.10739,23.97945,23.99225
2025-01-13,24.15707,24.17138,24.06766,24.15832
2025-01-14,24.11123,24.18464,24.06544,24.10405
2025-01-15,24.09624,24.12933,24.00448,24.09521
2025-01-16,24.03081,24.11822,24.01201,24.0271
2025-01-20,24.01718,24.15076,23.06167,24.03045
2025-01-21,24.11478,24.21791,24.05602,24.09539
2025-01-22,24.07822,24.19564,24.06497,24.09107
2025-01-23,24.06717,24.29275,24.04316,24.06976
2025-01-27,24.34264,24.4478,24.31865,24.39031
2025-01-28,24.32735,24.36229,24.10302,24.32838
2025-01-29,24.35965,24.40067,24.26257,24.36207
2025-01-30,24.35267,24.35327,24.20808,24.34851
2025-02-03,24.26275,24.31274,24.19129,24.29939
2025-02-04,24.31195,24.3769,24.27678,24.32582
2025-02-05,24.34586,24.36129,24.241,24.34638
2025-02-06,24.29037,24.31112,24.14802,24.29731
2025-02-10,24.23129,24.26197,24.17541,24.24161
2025-02-11,24.25744,24.28562,24.16894,24.25726
2025-02-12,24.29755,24.33409,24.25109,24.29391
2025-02-13,24.27199,24.42927,24.27199,24.29498
2025-02-17,24.384,24.418,24.372,24.411
2025-02-18,24.372,24.43,24.372,24.403
